company_id,ticker,talent_level,talent_trajectory,signals
nvidia,NVDA,1.549,0.048,RWG
roblox,RBLX,1.527,1.99,WG
adobe,ADBE,1.067,0.319,RWG
amazon,AMZN,0.917,-0.729,RWG
netflix,NFLX,0.899,-2.042,RWG
apple,AAPL,0.838,-0.002,RWG
meta,META,0.838,-2.768,RWG
microsoft,MSFT,0.706,-0.414,RWG
salesforce,CRM,0.656,1.072,RWG
datadog,DDOG,0.639,1.863,WG
alphabet,GOOGL,0.571,-0.6,RWG
coinbase,COIN,0.486,-0.341,WG
airbnb,ABNB,0.407,-0.525,RWG
twilio,TWLO,0.324,-0.026,WG
cloudflare,NET,0.288,-0.056,WG
crowdstrike,CRWD,0.266,-0.259,WG
atlassian,TEAM,0.257,0.307,WG
uber,UBER,0.17,0.358,RWG
mongodb,MDB,0.137,0.667,RWG
palantir,PLTR,0.121,-0.665,WG
unity,U,0.044,0.495,WG
snap,SNAP,0.02,0.558,RWG
ebay,EBAY,-0.024,-0.252,RWG
lyft,LYFT,-0.025,-1.767,WG
vmware,VMW,-0.025,0.326,RWG
applied_materials,AMAT,-0.034,0.306,RW
shopify,SHOP,-0.177,0.208,WG
intuit,INTU,-0.215,0.249,RWG
snowflake,SNOW,-0.246,0.761,RWG
tesla,TSLA,-0.262,0.206,RWG
paypal,PYPL,-0.316,-0.222,RWG
pinterest,PINS,-0.319,0.118,RWG
amd,AMD,-0.403,0.612,RWG
dell,DELL,-0.405,0.707,RWG
zscaler,ZS,-0.427,1.043,WG
oracle,ORCL,-0.452,-0.104,RWG
block,XYZ,-0.467,1.495,WG
cisco,CSCO,-0.478,-0.285,RWG
intel,INTC,-0.508,0.036,RWG
servicenow,NOW,-0.529,0.25,RWG
hp,HPQ,-0.541,0.252,RWG
broadcom,AVGO,-0.575,0.188,RWG
okta,OKTA,-0.603,-1.086,WG
micron,MU,-0.643,0.153,RW
ibm,IBM,-0.643,-0.134,RWG
qualcomm,QCOM,-0.774,-0.136,RWG
doordash,DASH,-0.858,-1.286,WG
workday,WDAY,-0.869,-0.013,RWG
texas_instruments,TXN,-0.94,0.135,RWG
roku,ROKU,-1.092,-0.103,WG
