company_id,ticker,github_org,org_followers,public_repos,oss_impact_stars,top_repo,top_repo_stars
nvidia,NVDA,NVIDIA,30415,808,304183,NemoClaw,22539
apple,AAPL,apple,40291,191,194490,container,50159
microsoft,MSFT,microsoft,130418,8305,1954830,vscode,192886
alphabet,GOOGL,google,79219,2909,787178,material-design-icons,54029
meta,META,facebook,36812,178,471650,docusaurus,66336
amazon,AMZN,aws,16938,554,164074,aws-cli,17275
tesla,TSLA,teslamotors,6515,67,16475,light-show,3995
netflix,NFLX,Netflix,10300,239,194717,Hystrix,24488
amd,AMD,amd,1977,123,6402,gaia,1570
intel,INTC,intel,5596,1362,66938,intel-one-mono,10160
oracle,ORCL,oracle,6088,319,59966,graal,21713
salesforce,CRM,salesforce,3532,422,68150,LAVIS,11264
adobe,ADBE,adobe,3308,1120,69643,brackets,32992
cisco,CSCO,cisco,1490,84,20601,ChezScheme,7359
ibm,IBM,IBM,8759,3942,57211,sarama,12518
qualcomm,QCOM,quic,1176,50,2367,sense,735
broadcom,AVGO,Broadcom,250,184,1012,csg-htsim,126
texas_instruments,TXN,TexasInstruments,1010,193,1259,edgeai-tidl-tools,201
paypal,PYPL,paypal,2051,164,21347,glamorous,3616
uber,UBER,uber,4088,176,89986,baseweb,9009
lyft,LYFT,lyft,810,305,15912,confidant,1854
airbnb,ABNB,airbnb,5725,205,371475,javascript,148272
snowflake,SNOW,snowflakedb,1654,65,5269,snowflake-connector-python,731
palantir,PLTR,palantir,4901,268,48338,blueprint,22091
servicenow,NOW,ServiceNow,1169,285,7813,BrowserGym,1375
workday,WDAY,Workday,231,55,1146,canvas-kit,364
datadog,DDOG,DataDog,3321,1206,31252,datadog-agent,3748
crowdstrike,CRWD,CrowdStrike,1435,275,6366,CRT,758
zscaler,ZS,zscaler,209,58,367,terraform-provider-zpa,65
okta,OKTA,okta,678,89,5208,okta-auth-js,486
mongodb,MDB,mongodb,4731,307,91043,mongo,28577
twilio,TWLO,twilio,973,240,17834,twilio-python,2081
snap,SNAP,Snapchat,1440,56,31511,Valdi,16378
pinterest,PINS,pinterest,1424,100,29005,gestalt,4375
roku,ROKU,roku,24,0,0,,0
block,XYZ,block,2414,137,38636,buzz,34304
shopify,SHOP,Shopify,8637,1229,120741,draggable,18484
atlassian,TEAM,atlassian,1672,385,55493,react-beautiful-dnd,33931
intuit,INTU,intuit,574,155,16604,LocationManager,2547
vmware,VMW,vmware,1965,107,18153,photon,3178
dell,DELL,dell,900,179,3158,iDRAC-Redfish-Scripting,738
hp,HPQ,HewlettPackard,528,488,4985,netperf,978
cloudflare,NET,cloudflare,16892,575,214806,pingora,27529
unity,U,Unity-Technologies,12992,810,99413,ml-agents,19702
roblox,RBLX,Roblox,4985,110,7129,cube,1255
doordash,DASH,doordash,1351,61,47,KIF-Quick,34
coinbase,COIN,coinbase,2699,182,16684,coinbase-wallet-sdk,1764
ebay,EBAY,eBay,661,221,17278,NMessenger,2393
