company_id,year,joiners,elite_inflow,mean_h
adobe,1970,2,4.976,8.5
adobe,1985,1,2.698,11.0
adobe,1988,1,2.461,7.0
adobe,1990,1,3.266,23.0
adobe,1993,1,2.248,5.0
adobe,1994,1,3.006,14.0
adobe,1997,1,3.82,37.0
adobe,1999,2,5.922,17.0
adobe,2000,1,1.778,4.0
adobe,2001,2,4.122,6.0
adobe,2002,2,6.504,26.0
adobe,2003,2,3.966,6.5
adobe,2005,8,26.465,23.1
adobe,2006,3,11.195,38.7
adobe,2007,7,25.812,40.4
adobe,2008,19,63.49,33.8
adobe,2009,5,13.215,14.8
adobe,2010,5,17.183,31.2
adobe,2011,13,43.468,24.8
adobe,2012,11,29.52,17.9
adobe,2013,12,43.708,41.6
adobe,2014,16,50.352,20.2
adobe,2015,20,62.039,23.4
adobe,2016,31,100.113,22.3
adobe,2017,44,132.513,21.1
adobe,2018,49,138.779,13.7
adobe,2019,69,201.769,17.6
adobe,2020,60,168.661,15.7
adobe,2021,47,134.598,16.6
adobe,2022,54,137.865,11.3
adobe,2023,63,155.795,10.3
adobe,2024,58,144.007,10.7
adobe,2025,39,96.849,11.7
airbnb,2017,1,3.622,17.0
airbnb,2018,2,6.5,17.0
airbnb,2019,6,14.308,5.5
airbnb,2022,1,3.719,28.0
airbnb,2023,2,3.494,3.5
alphabet,1843,1,4.48,90.0
alphabet,1894,1,4.582,55.0
alphabet,1900,1,5.111,102.0
alphabet,1907,1,4.995,156.0
alphabet,1910,1,4.797,83.0
alphabet,1917,1,4.511,77.0
alphabet,1927,1,4.859,104.0
alphabet,1929,1,4.975,71.0
alphabet,1931,1,4.8,73.0
alphabet,1938,1,4.664,60.0
alphabet,1947,1,4.493,52.0
alphabet,1952,1,4.777,74.0
alphabet,1954,1,4.562,99.0
alphabet,1962,1,4.841,93.0
alphabet,1966,1,4.992,105.0
alphabet,1968,1,4.642,69.0
alphabet,1970,1,4.47,39.0
alphabet,1971,1,4.819,80.0
alphabet,1972,1,4.566,83.0
alphabet,1973,1,4.539,95.0
alphabet,1976,3,13.746,75.3
alphabet,1978,1,4.468,30.0
alphabet,1979,1,4.69,91.0
alphabet,1981,1,4.601,96.0
alphabet,1982,1,4.588,88.0
alphabet,1983,1,4.985,135.0
alphabet,1984,1,5.131,184.0
alphabet,1985,2,9.27,105.0
alphabet,1986,1,4.453,89.0
alphabet,1987,1,4.829,134.0
alphabet,1988,1,4.56,95.0
alphabet,1990,1,4.71,116.0
alphabet,1991,6,30.09,161.8
alphabet,1993,3,13.985,88.7
alphabet,1994,7,32.467,92.3
alphabet,1995,11,51.802,91.9
alphabet,1996,5,23.605,110.8
alphabet,1999,1,4.495,96.0
alphabet,2000,2,9.771,88.5
alphabet,2001,3,13.867,96.0
alphabet,2003,3,13.78,72.7
alphabet,2005,6,28.32,93.0
alphabet,2006,2,9.186,64.0
alphabet,2007,8,37.49,76.4
alphabet,2008,15,70.673,66.9
alphabet,2009,10,46.113,66.4
alphabet,2010,4,18.684,52.8
alphabet,2011,8,39.098,110.8
alphabet,2012,14,64.786,69.6
alphabet,2013,18,87.018,50.5
alphabet,2014,19,91.274,56.1
alphabet,2015,34,159.718,52.6
alphabet,2016,31,142.856,48.1
alphabet,2017,22,104.077,71.5
alphabet,2018,28,131.718,47.8
alphabet,2019,23,109.331,56.8
alphabet,2020,20,93.062,67.3
alphabet,2021,14,67.742,63.1
alphabet,2022,7,32.673,70.0
alphabet,2023,8,37.153,94.9
alphabet,2024,3,13.861,93.3
amazon,1999,1,4.064,31.0
amazon,2000,1,3.475,22.0
amazon,2001,2,7.949,36.0
amazon,2002,2,7.803,39.5
amazon,2003,1,4.011,35.0
amazon,2004,1,4.021,49.0
amazon,2006,1,3.936,23.0
amazon,2007,2,7.392,8.0
amazon,2008,2,7.337,24.5
amazon,2009,4,15.381,34.5
amazon,2011,2,7.014,29.0
amazon,2012,4,14.775,22.2
amazon,2013,4,14.151,24.5
amazon,2014,9,33.353,33.9
amazon,2015,11,41.533,35.3
amazon,2016,7,26.27,32.7
amazon,2017,38,143.4,36.4
amazon,2018,40,157.148,37.5
amazon,2019,58,219.793,34.5
amazon,2020,75,291.656,42.3
amazon,2021,59,224.772,35.5
amazon,2022,61,232.317,37.4
amazon,2023,51,193.478,36.5
amazon,2024,24,94.852,49.7
amazon,2025,11,42.948,44.5
amd,1979,1,3.88,39.0
amd,1983,2,5.727,15.5
amd,1985,4,12.295,17.2
amd,1986,3,8.518,13.7
amd,1987,3,9.308,18.0
amd,1988,1,2.79,12.0
amd,1989,3,8.549,14.0
amd,1990,1,2.573,6.0
amd,1991,2,6.552,25.0
amd,1992,1,3.4,25.0
amd,1993,2,5.807,15.0
amd,1994,5,14.592,12.0
amd,1995,8,24.91,19.4
amd,1996,4,13.256,25.5
amd,1997,15,43.852,13.3
amd,1998,17,53.338,20.6
amd,1999,12,37.976,17.4
amd,2000,10,28.918,14.0
amd,2001,8,25.425,23.0
amd,2002,22,67.935,18.0
amd,2003,21,63.228,15.8
amd,2004,9,26.368,15.1
amd,2005,22,66.972,18.6
amd,2006,32,99.104,19.0
amd,2007,31,93.712,16.8
amd,2008,21,64.878,16.0
amd,2009,13,40.633,16.6
amd,2010,12,39.656,23.1
amd,2011,11,34.925,19.1
amd,2012,17,53.305,19.9
amd,2013,17,52.738,19.5
amd,2014,11,35.949,18.9
amd,2015,8,26.767,32.0
amd,2016,6,17.882,15.7
amd,2017,10,31.274,18.7
amd,2018,6,17.992,16.2
amd,2019,6,17.3,13.0
amd,2020,3,8.791,12.3
amd,2021,5,16.019,18.8
amd,2022,8,25.813,19.5
amd,2023,13,37.687,13.8
amd,2024,17,56.212,22.4
amd,2025,11,31.318,14.0
apple,1974,1,3.655,35.0
apple,1985,2,7.117,25.0
apple,1986,2,6.727,18.0
apple,1987,1,4.032,21.0
apple,1988,3,9.991,19.3
apple,1989,4,15.066,38.8
apple,1990,5,19.475,25.8
apple,1991,5,16.464,15.4
apple,1992,1,3.959,48.0
apple,1993,9,33.695,35.9
apple,1994,2,7.979,46.5
apple,1995,3,11.902,40.0
apple,1996,4,14.842,33.0
apple,1998,1,3.193,15.0
apple,1999,2,6.518,15.5
apple,2000,2,6.454,18.5
apple,2001,3,10.742,32.3
apple,2003,2,6.654,18.5
apple,2004,1,3.658,34.0
apple,2005,1,4.205,28.0
apple,2008,1,3.089,20.0
apple,2009,3,11.652,27.7
apple,2010,2,6.872,20.0
apple,2011,2,6.304,20.0
apple,2012,4,13.706,30.0
apple,2013,5,17.356,27.4
apple,2014,6,22.015,26.0
apple,2015,6,20.063,22.5
apple,2016,6,20.239,22.8
apple,2017,10,37.354,34.9
apple,2018,15,50.813,19.0
apple,2019,30,106.741,29.2
apple,2020,33,114.743,24.8
apple,2021,23,80.966,27.1
apple,2022,29,104.815,31.3
apple,2023,35,125.803,28.9
apple,2024,16,54.82,25.2
apple,2025,12,45.115,30.3
applied_materials,1988,1,3.256,22.0
applied_materials,1991,2,6.992,27.5
applied_materials,1993,2,7.721,41.5
applied_materials,1995,1,4.638,104.0
applied_materials,1996,2,7.126,25.5
applied_materials,1997,2,7.904,48.5
applied_materials,1998,6,22.829,39.2
applied_materials,1999,6,22.191,41.0
applied_materials,2000,4,14.328,26.8
applied_materials,2001,2,7.511,41.0
applied_materials,2002,3,11.858,45.0
applied_materials,2003,7,25.326,29.9
applied_materials,2004,5,17.957,29.2
applied_materials,2005,5,17.449,27.4
applied_materials,2006,6,21.878,32.7
applied_materials,2007,7,24.295,26.1
applied_materials,2008,5,20.219,56.8
applied_materials,2009,8,29.54,38.8
applied_materials,2010,15,53.37,31.1
applied_materials,2011,10,38.425,46.0
applied_materials,2012,13,49.361,44.8
applied_materials,2013,11,39.823,35.5
applied_materials,2014,9,32.858,33.0
applied_materials,2015,18,69.499,45.9
applied_materials,2016,12,45.009,39.2
applied_materials,2017,15,54.776,33.8
applied_materials,2018,9,32.358,27.0
applied_materials,2019,11,40.526,34.5
applied_materials,2020,16,62.431,45.1
applied_materials,2021,13,45.361,28.3
applied_materials,2022,16,57.891,29.6
applied_materials,2023,7,26.719,43.4
applied_materials,2024,12,42.657,31.4
applied_materials,2025,5,18.784,36.2
atlassian,2017,3,5.894,4.7
broadcom,1979,1,2.037,4.0
broadcom,1990,1,3.468,27.0
broadcom,1991,1,3.86,40.0
broadcom,1993,2,6.832,26.5
broadcom,1994,2,6.355,19.0
broadcom,1995,1,2.489,9.0
broadcom,1996,4,11.332,13.2
broadcom,1997,6,17.064,14.3
broadcom,1998,9,20.426,6.9
broadcom,1999,18,49.028,15.7
broadcom,2000,6,18.811,23.0
broadcom,2001,31,91.339,15.4
broadcom,2002,24,63.25,10.2
broadcom,2003,28,75.279,12.1
broadcom,2004,18,52.361,14.8
broadcom,2005,11,29.267,11.5
broadcom,2006,41,108.843,11.3
broadcom,2007,33,88.115,13.2
broadcom,2008,46,121.58,13.5
broadcom,2009,42,115.515,13.5
broadcom,2010,32,81.06,9.4
broadcom,2011,30,80.7,13.4
broadcom,2012,41,113.894,13.5
broadcom,2013,33,89.75,12.5
broadcom,2014,35,96.994,13.7
broadcom,2015,36,93.596,11.6
broadcom,2016,21,54.676,12.7
broadcom,2017,11,28.773,11.3
broadcom,2018,3,6.833,8.3
broadcom,2019,4,11.46,15.0
broadcom,2020,7,17.599,9.7
broadcom,2021,8,20.502,15.0
broadcom,2022,7,18.217,11.0
broadcom,2023,6,15.38,10.2
broadcom,2024,9,27.541,19.7
broadcom,2025,2,6.051,15.0
cisco,1988,1,3.031,16.0
cisco,1994,1,3.608,22.0
cisco,1996,3,10.244,19.0
cisco,1997,5,16.796,15.8
cisco,1998,7,23.168,18.3
cisco,1999,8,28.213,25.5
cisco,2000,9,30.886,26.2
cisco,2001,16,49.092,16.4
cisco,2002,13,41.311,22.3
cisco,2003,17,49.069,14.2
cisco,2004,18,55.764,17.3
cisco,2005,17,55.739,23.5
cisco,2006,24,73.542,16.2
cisco,2007,24,69.785,13.7
cisco,2008,32,97.185,18.6
cisco,2009,32,97.291,16.1
cisco,2010,14,45.095,19.6
cisco,2011,17,53.38,21.5
cisco,2012,29,90.735,18.5
cisco,2013,30,87.814,14.4
cisco,2014,36,100.377,10.6
cisco,2015,26,76.388,14.5
cisco,2016,18,53.065,13.1
cisco,2017,18,48.489,9.6
cisco,2018,16,47.316,15.1
cisco,2019,10,29.269,14.6
cisco,2020,5,14.673,13.2
cisco,2021,11,31.868,13.7
cisco,2022,8,25.873,24.8
cisco,2023,4,12.268,15.0
cisco,2024,6,16.634,12.0
cisco,2025,2,5.623,13.5
dell,1995,1,2.391,6.0
dell,1998,1,2.72,13.0
dell,1999,1,1.732,4.0
dell,2000,1,1.949,5.0
dell,2001,1,0.699,1.0
dell,2002,7,7.917,3.0
dell,2003,4,4.867,2.8
dell,2004,6,12.308,6.3
dell,2005,3,7.474,10.0
dell,2006,1,3.955,44.0
dell,2007,6,11.986,7.5
dell,2008,9,23.374,14.1
dell,2009,6,10.497,4.8
dell,2010,4,10.106,15.0
dell,2011,3,6.62,11.0
dell,2012,5,9.299,4.8
dell,2014,7,23.202,21.6
dell,2015,5,15.447,24.6
dell,2016,10,23.648,12.4
dell,2017,13,31.35,14.4
dell,2018,6,15.443,17.2
dell,2019,14,29.949,7.1
dell,2020,3,5.946,6.3
dell,2021,6,16.832,34.0
dell,2022,2,1.255,1.0
dell,2023,7,14.271,7.3
dell,2024,6,12.06,7.5
dell,2025,10,13.465,4.7
ebay,1991,1,4.323,75.0
ebay,2000,1,0.778,1.0
ebay,2002,1,0.778,1.0
ebay,2004,2,3.616,5.5
ebay,2005,1,2.645,8.0
ebay,2006,3,4.959,9.0
ebay,2007,1,0.903,2.0
ebay,2008,5,14.135,15.0
ebay,2009,3,7.617,7.0
ebay,2010,8,21.531,12.2
ebay,2011,12,29.199,6.8
ebay,2012,8,24.281,20.0
ebay,2013,12,37.433,22.4
ebay,2014,10,23.976,12.4
ebay,2015,10,24.941,14.2
ebay,2016,1,3.183,22.0
ebay,2017,12,26.909,9.9
ebay,2018,19,42.823,7.4
ebay,2019,22,51.27,12.0
ebay,2020,3,8.837,16.7
ebay,2021,7,18.14,10.6
ebay,2022,13,25.216,6.1
ebay,2023,6,15.966,17.0
ebay,2024,16,24.356,6.6
ebay,2025,11,13.685,5.1
hp,1964,1,3.915,45.0
hp,1965,1,4.339,68.0
hp,1967,1,3.54,20.0
hp,1973,1,4.076,57.0
hp,1975,1,3.693,36.0
hp,1976,1,3.92,47.0
hp,1977,2,7.773,37.5
hp,1978,2,8.56,73.5
hp,1980,1,3.793,31.0
hp,1981,1,3.804,33.0
hp,1982,9,34.555,35.3
hp,1983,3,11.03,26.7
hp,1984,3,11.94,44.0
hp,1985,7,28.071,30.7
hp,1986,5,19.84,45.8
hp,1987,5,19.072,37.4
hp,1988,8,31.12,43.1
hp,1989,9,34.319,42.4
hp,1990,9,35.387,38.4
hp,1991,9,34.302,33.3
hp,1992,6,22.123,35.3
hp,1993,9,35.488,41.9
hp,1994,8,31.444,41.6
hp,1995,13,51.771,46.5
hp,1996,12,47.271,45.2
hp,1997,12,49.978,55.7
hp,1998,19,75.655,46.6
hp,1999,13,52.808,51.4
hp,2000,14,54.82,38.4
hp,2001,18,70.671,40.8
hp,2002,32,129.899,51.3
hp,2003,30,117.682,39.9
hp,2004,12,47.849,42.9
hp,2005,5,19.899,38.0
hp,2006,9,34.272,30.9
hp,2007,14,56.677,44.4
hp,2008,23,89.254,38.7
hp,2009,14,56.949,49.3
hp,2010,10,38.543,32.3
hp,2011,7,25.841,32.7
hp,2012,7,26.299,34.6
hp,2013,4,14.804,33.8
hp,2014,3,11.072,21.7
hp,2015,10,38.997,32.4
hp,2016,5,19.806,40.8
hp,2017,1,3.732,38.0
hp,2019,1,4.066,38.0
hp,2020,1,3.723,18.0
hp,2021,1,3.565,30.0
hp,2022,2,7.67,29.0
hp,2023,7,27.302,42.9
hp,2024,1,3.586,29.0
ibm,1953,1,4.589,62.0
ibm,1959,3,13.426,48.0
ibm,1960,1,4.808,95.0
ibm,1961,1,4.323,31.0
ibm,1962,2,9.281,92.0
ibm,1963,2,8.448,38.5
ibm,1964,5,21.105,54.4
ibm,1965,3,13.07,57.7
ibm,1966,2,8.536,63.0
ibm,1967,1,4.286,27.0
ibm,1968,4,16.814,46.5
ibm,1969,1,4.281,46.0
ibm,1970,6,25.819,58.7
ibm,1971,5,21.738,48.8
ibm,1972,3,12.723,61.3
ibm,1973,3,12.754,56.7
ibm,1974,3,13.475,75.0
ibm,1975,4,18.031,84.5
ibm,1976,5,21.388,59.6
ibm,1977,5,21.402,50.8
ibm,1978,7,30.524,68.7
ibm,1979,3,13.984,70.7
ibm,1980,7,30.851,77.0
ibm,1981,4,17.322,62.0
ibm,1982,7,30.323,63.1
ibm,1983,7,30.827,75.7
ibm,1984,10,44.185,74.9
ibm,1985,6,26.437,64.0
ibm,1986,6,26.156,60.7
ibm,1987,9,38.652,56.2
ibm,1988,5,22.238,79.4
ibm,1989,9,37.554,52.2
ibm,1990,8,35.124,68.1
ibm,1991,14,61.247,59.3
ibm,1992,9,38.806,53.0
ibm,1993,11,49.904,79.0
ibm,1994,11,48.68,64.5
ibm,1995,6,26.592,61.5
ibm,1996,12,52.367,48.9
ibm,1997,10,43.079,67.0
ibm,1998,3,12.797,56.0
ibm,1999,11,46.898,57.5
ibm,2000,5,21.589,56.0
ibm,2001,10,43.253,68.0
ibm,2002,17,73.778,61.4
ibm,2003,30,130.849,66.7
ibm,2004,5,22.129,73.8
ibm,2005,9,38.192,58.7
ibm,2006,10,42.306,52.5
ibm,2007,15,66.434,77.3
ibm,2008,13,55.986,69.5
ibm,2009,10,43.119,61.3
ibm,2010,7,29.224,54.7
ibm,2011,11,47.814,67.5
ibm,2012,5,22.449,63.6
ibm,2013,9,39.257,64.9
ibm,2014,4,17.596,78.8
ibm,2015,5,21.761,67.0
ibm,2016,5,21.135,56.6
ibm,2017,5,20.854,53.2
ibm,2018,4,17.822,84.2
ibm,2019,4,17.332,55.5
ibm,2020,7,30.729,57.4
ibm,2021,2,8.649,30.5
ibm,2022,1,4.099,60.0
ibm,2024,1,5.208,187.0
intel,1968,1,3.998,28.0
intel,1969,1,4.092,32.0
intel,1981,2,7.983,44.0
intel,1982,2,8.17,45.0
intel,1983,2,8.408,38.0
intel,1984,1,4.175,44.0
intel,1985,3,13.109,59.0
intel,1987,3,13.04,61.7
intel,1988,4,16.602,53.2
intel,1989,3,13.489,82.3
intel,1990,4,16.687,53.2
intel,1991,4,16.482,57.0
intel,1992,1,4.488,84.0
intel,1993,6,24.775,50.8
intel,1994,2,7.919,46.5
intel,1995,3,13.019,71.3
intel,1996,9,39.132,67.0
intel,1997,7,30.492,60.0
intel,1998,9,36.379,43.2
intel,1999,7,28.294,52.3
intel,2000,6,24.135,38.8
intel,2001,14,59.551,64.4
intel,2002,34,141.684,48.8
intel,2003,34,145.25,64.9
intel,2004,22,90.044,48.7
intel,2005,22,89.468,49.1
intel,2006,17,69.438,48.9
intel,2007,17,69.526,52.2
intel,2008,13,53.205,48.8
intel,2009,18,76.639,63.6
intel,2010,11,47.317,63.0
intel,2011,11,44.783,51.4
intel,2012,18,75.445,57.1
intel,2013,13,55.57,64.5
intel,2014,17,70.976,53.5
intel,2015,5,20.854,47.8
intel,2016,12,50.743,50.4
intel,2017,10,43.097,61.3
intel,2018,6,24.189,35.8
intel,2019,11,47.012,59.9
intel,2020,10,41.725,54.2
intel,2021,13,55.041,59.2
intel,2022,10,42.002,60.3
intel,2023,11,45.493,55.2
intel,2024,4,16.69,62.0
intel,2025,1,4.842,120.0
intuit,1985,1,1.919,3.0
intuit,1994,1,2.447,4.0
intuit,1999,2,7.106,22.5
intuit,2000,2,4.607,2.5
intuit,2003,2,6.008,17.5
intuit,2005,3,6.914,4.0
intuit,2006,1,3.87,42.0
intuit,2007,1,4.37,73.0
intuit,2008,5,13.179,18.0
intuit,2010,2,3.316,9.0
intuit,2012,2,6.745,19.0
intuit,2013,1,3.284,17.0
intuit,2014,1,2.597,11.0
intuit,2016,2,4.119,5.0
intuit,2017,2,5.679,15.0
intuit,2018,3,9.065,15.0
intuit,2019,6,14.09,9.7
intuit,2020,7,16.098,12.1
intuit,2021,8,15.474,6.6
intuit,2022,3,6.144,9.3
intuit,2023,10,23.871,11.3
intuit,2024,14,19.252,3.1
intuit,2025,19,42.417,13.5
meta,1979,1,4.117,58.0
meta,1980,2,8.409,73.0
meta,1982,1,3.994,49.0
meta,2000,1,3.645,34.0
meta,2006,3,11.251,33.3
meta,2008,1,5.409,119.0
meta,2009,11,39.744,9.3
meta,2010,7,28.64,45.7
meta,2011,9,33.81,20.8
meta,2012,13,49.807,33.2
meta,2013,17,67.07,37.8
meta,2014,18,73.091,38.3
meta,2015,38,159.112,37.8
meta,2016,32,133.439,41.3
meta,2017,47,186.419,33.7
meta,2018,87,330.918,30.1
meta,2019,123,478.358,33.3
meta,2020,101,382.433,32.4
meta,2021,48,184.319,37.4
meta,2022,13,47.898,32.1
meta,2023,10,38.183,32.5
meta,2024,8,30.848,30.6
meta,2025,3,12.118,48.7
micron,1974,1,2.7,7.0
micron,1978,1,3.173,20.0
micron,1982,1,2.998,18.0
micron,1984,1,3.67,35.0
micron,1987,1,2.631,3.0
micron,1989,2,6.063,16.5
micron,1990,4,11.818,13.8
micron,1991,1,4.304,70.0
micron,1992,3,9.657,23.3
micron,1993,6,18.2,15.7
micron,1994,3,8.367,8.7
micron,1995,1,3.072,9.0
micron,1996,2,6.058,15.5
micron,1997,4,11.663,12.0
micron,1998,6,20.426,26.0
micron,1999,4,13.077,28.2
micron,2000,2,6.102,13.5
micron,2001,1,3.556,30.0
micron,2002,3,10.854,36.3
micron,2003,6,19.166,22.5
micron,2004,8,27.252,28.5
micron,2005,7,23.71,27.3
micron,2006,6,19.275,27.3
micron,2007,8,25.818,21.0
micron,2008,8,25.931,22.5
micron,2009,6,20.073,25.5
micron,2010,19,60.58,23.1
micron,2011,13,40.082,18.2
micron,2012,11,34.301,17.3
micron,2013,11,37.182,24.2
micron,2014,17,57.812,29.1
micron,2015,9,32.837,41.0
micron,2016,15,50.56,26.1
micron,2017,15,46.422,18.4
micron,2018,12,39.761,27.5
micron,2019,5,16.365,22.4
micron,2020,8,24.231,16.6
micron,2021,11,37.724,28.6
micron,2022,7,21.612,17.3
micron,2023,10,30.389,18.3
micron,2024,11,36.56,29.9
micron,2025,1,3.281,21.0
microsoft,1980,1,4.699,69.0
microsoft,1986,1,4.076,44.0
microsoft,1992,1,4.387,76.0
microsoft,1993,3,13.383,76.0
microsoft,1994,2,8.556,56.0
microsoft,1995,6,26.794,64.3
microsoft,1996,10,42.414,59.9
microsoft,1997,6,24.551,49.3
microsoft,1998,21,91.761,63.0
microsoft,1999,18,77.03,59.3
microsoft,2000,33,143.154,59.2
microsoft,2001,24,102.511,58.1
microsoft,2002,21,91.822,65.2
microsoft,2003,24,105.048,64.8
microsoft,2004,22,96.582,57.3
microsoft,2005,35,150.741,59.7
microsoft,2006,35,150.062,57.5
microsoft,2007,40,171.298,59.0
microsoft,2008,27,116.911,62.6
microsoft,2009,22,94.563,59.4
microsoft,2010,30,128.903,58.3
microsoft,2011,35,151.131,57.6
microsoft,2012,22,95.903,53.4
microsoft,2013,24,104.232,61.9
microsoft,2014,22,92.853,48.6
microsoft,2015,20,89.082,52.4
microsoft,2016,16,67.806,51.8
microsoft,2017,19,80.324,51.1
microsoft,2018,28,119.704,53.8
microsoft,2019,25,106.863,56.4
microsoft,2020,16,68.98,52.8
microsoft,2021,13,56.545,49.5
microsoft,2022,13,55.218,51.9
microsoft,2023,12,52.391,68.8
microsoft,2024,9,38.713,61.0
mongodb,2019,1,1.763,3.0
mongodb,2020,2,4.563,10.5
mongodb,2021,1,2.984,11.0
mongodb,2022,3,8.636,21.7
mongodb,2023,1,3.054,15.0
mongodb,2024,3,5.473,4.3
mongodb,2025,2,5.903,18.5
netflix,2011,2,7.38,20.5
netflix,2012,5,15.382,18.0
netflix,2013,2,6.365,17.0
netflix,2014,5,13.737,18.2
netflix,2015,9,28.304,16.0
netflix,2016,18,48.563,11.2
netflix,2017,9,25.248,15.0
netflix,2018,13,37.701,18.8
netflix,2019,15,42.243,17.9
netflix,2020,5,9.23,5.2
netflix,2021,13,33.172,12.9
netflix,2022,9,24.11,17.2
netflix,2023,14,27.916,7.4
netflix,2024,12,36.41,12.4
netflix,2025,2,4.63,10.5
nvidia,1900,1,3.79,17.0
nvidia,1997,1,2.769,13.0
nvidia,1998,1,3.708,22.0
nvidia,1999,1,3.27,14.0
nvidia,2000,1,3.206,14.0
nvidia,2001,2,6.586,12.5
nvidia,2002,1,3.7,22.0
nvidia,2003,3,9.923,14.0
nvidia,2004,3,10.662,17.0
nvidia,2005,11,37.156,18.5
nvidia,2006,7,22.985,23.1
nvidia,2007,7,23.164,24.1
nvidia,2008,10,35.182,23.8
nvidia,2009,19,66.14,24.6
nvidia,2010,16,52.994,19.1
nvidia,2011,13,47.628,33.9
nvidia,2012,14,45.896,20.4
nvidia,2013,23,77.299,23.0
nvidia,2014,22,73.835,24.6
nvidia,2015,29,98.296,24.6
nvidia,2016,22,78.521,27.7
nvidia,2017,28,99.824,30.0
nvidia,2018,43,154.618,27.6
nvidia,2019,77,264.295,24.1
nvidia,2020,65,214.576,19.4
nvidia,2021,56,186.944,24.2
nvidia,2022,75,247.026,18.8
nvidia,2023,63,205.112,21.2
nvidia,2024,47,152.435,20.4
nvidia,2025,34,109.915,20.6
oracle,1978,2,5.515,12.5
oracle,1983,1,2.744,12.0
oracle,1984,4,13.719,24.5
oracle,1987,1,3.464,15.0
oracle,1988,4,13.052,16.8
oracle,1989,3,10.217,25.7
oracle,1990,2,7.079,32.5
oracle,1991,5,15.719,16.4
oracle,1992,11,36.409,21.0
oracle,1993,4,12.135,10.0
oracle,1994,9,30.672,22.2
oracle,1995,20,65.069,21.2
oracle,1996,13,44.851,23.3
oracle,1997,27,85.988,16.0
oracle,1998,15,49.574,19.9
oracle,1999,11,38.045,27.4
oracle,2000,15,50.971,23.9
oracle,2001,17,56.058,23.3
oracle,2002,32,103.533,21.1
oracle,2003,19,57.963,14.8
oracle,2004,41,125.581,15.6
oracle,2005,22,70.551,18.5
oracle,2006,24,76.086,20.4
oracle,2007,10,30.05,15.3
oracle,2008,24,70.148,12.8
oracle,2009,14,45.217,21.3
oracle,2010,27,86.771,22.3
oracle,2011,8,24.643,17.9
oracle,2012,12,40.034,24.6
oracle,2013,15,48.372,21.9
oracle,2014,13,42.376,23.0
oracle,2015,10,29.978,13.6
oracle,2016,4,12.733,19.2
oracle,2017,10,31.532,18.6
oracle,2018,5,15.155,15.8
oracle,2019,6,16.902,11.7
oracle,2020,5,18.704,33.6
oracle,2021,6,18.974,20.3
oracle,2022,5,16.893,27.6
oracle,2023,1,2.887,14.0
oracle,2024,5,17.128,22.6
oracle,2025,3,10.122,35.7
paypal,1993,1,1.886,2.0
paypal,2007,3,6.803,7.7
paypal,2009,1,1.23,1.0
paypal,2012,2,5.241,28.0
paypal,2013,2,3.932,6.0
paypal,2014,1,2.164,5.0
paypal,2015,2,5.62,12.0
paypal,2016,4,8.609,9.5
paypal,2017,1,1.708,3.0
paypal,2019,1,2.152,2.0
paypal,2020,3,3.856,4.7
paypal,2021,6,10.645,3.2
paypal,2022,3,3.97,8.0
paypal,2023,4,6.508,12.8
paypal,2024,4,1.623,0.5
paypal,2025,5,4.033,2.6
pinterest,2020,3,6.512,6.0
pinterest,2021,1,3.145,10.0
pinterest,2024,1,2.821,13.0
qualcomm,1965,1,3.873,38.0
qualcomm,1980,1,4.063,42.0
qualcomm,1987,3,11.814,25.3
qualcomm,1988,3,10.822,9.3
qualcomm,1989,1,3.622,7.0
qualcomm,1990,1,3.218,16.0
qualcomm,1991,3,9.823,6.0
qualcomm,1993,2,7.101,26.0
qualcomm,1994,1,3.038,8.0
qualcomm,1995,3,11.529,38.3
qualcomm,1996,3,10.746,28.3
qualcomm,1997,2,6.865,8.5
qualcomm,1998,7,23.264,21.6
qualcomm,1999,6,21.01,23.2
qualcomm,2000,8,27.26,17.9
qualcomm,2001,7,24.394,21.0
qualcomm,2002,8,24.918,16.1
qualcomm,2003,18,58.678,17.4
qualcomm,2004,14,46.76,20.8
qualcomm,2005,23,75.897,21.7
qualcomm,2006,26,88.152,22.0
qualcomm,2007,33,108.517,18.9
qualcomm,2008,31,105.537,23.5
qualcomm,2009,31,107.435,26.8
qualcomm,2010,40,136.318,26.3
qualcomm,2011,29,95.372,22.3
qualcomm,2012,24,79.86,21.5
qualcomm,2013,49,165.752,25.8
qualcomm,2014,44,151.118,26.1
qualcomm,2015,32,108.05,21.9
qualcomm,2016,23,79.068,26.9
qualcomm,2017,23,77.335,24.2
qualcomm,2018,14,47.332,27.1
qualcomm,2019,18,61.828,26.1
qualcomm,2020,22,73.525,23.6
qualcomm,2021,19,63.438,21.3
qualcomm,2022,10,32.816,21.4
qualcomm,2023,21,73.7,27.8
qualcomm,2024,8,27.792,29.0
qualcomm,2025,1,2.92,17.0
salesforce,2006,1,2.462,7.0
salesforce,2007,3,7.955,9.7
salesforce,2008,2,3.87,2.5
salesforce,2009,1,2.38,3.0
salesforce,2013,1,3.066,19.0
salesforce,2015,4,16.667,32.5
salesforce,2016,3,8.163,23.7
salesforce,2017,5,16.501,23.4
salesforce,2018,7,18.765,13.4
salesforce,2019,22,73.872,32.1
salesforce,2020,34,99.49,18.6
salesforce,2021,23,63.861,18.3
salesforce,2022,28,81.729,17.5
salesforce,2023,20,44.564,9.4
salesforce,2024,24,47.442,9.3
salesforce,2025,25,39.387,5.4
servicenow,2019,1,4.168,55.0
servicenow,2021,5,17.625,23.4
servicenow,2022,9,24.498,11.6
servicenow,2023,7,18.883,12.9
servicenow,2024,8,20.315,13.5
servicenow,2025,8,16.589,11.8
snap,2008,1,3.674,28.0
snap,2015,4,16.744,50.2
snap,2016,4,11.832,28.2
snap,2017,9,33.527,40.3
snap,2018,11,32.99,15.6
snap,2019,11,30.442,18.2
snap,2020,9,30.021,23.7
snap,2021,8,20.968,10.1
snap,2022,19,56.07,15.3
snap,2023,24,59.073,10.5
snap,2024,24,60.207,14.0
snap,2025,9,17.393,8.2
snowflake,2020,1,2.9,10.0
snowflake,2021,5,9.784,4.8
snowflake,2023,1,3.903,53.0
tesla,1971,1,3.535,27.0
tesla,1972,1,1.0,2.0
tesla,1978,2,4.155,9.0
tesla,1980,2,5.589,12.0
tesla,1982,1,0.602,1.0
tesla,1986,2,4.075,11.0
tesla,1988,1,2.595,11.0
tesla,1992,1,2.107,5.0
tesla,2005,1,3.113,20.0
tesla,2007,1,2.766,12.0
tesla,2011,2,2.522,2.0
tesla,2012,6,12.136,4.8
tesla,2013,3,4.507,3.3
tesla,2014,2,4.462,7.0
tesla,2015,3,8.977,17.0
tesla,2016,3,8.908,18.3
tesla,2017,2,4.47,12.5
tesla,2018,6,18.263,20.8
tesla,2019,3,9.006,14.7
tesla,2020,11,27.601,6.2
tesla,2021,2,4.49,7.5
tesla,2022,2,5.348,12.5
tesla,2023,3,5.567,3.3
tesla,2024,3,6.533,8.0
tesla,2025,3,5.014,7.7
texas_instruments,1899,1,3.482,26.0
texas_instruments,1954,1,4.061,53.0
texas_instruments,1960,1,3.319,19.0
texas_instruments,1961,1,3.491,8.0
texas_instruments,1962,1,3.331,15.0
texas_instruments,1963,2,7.027,30.5
texas_instruments,1964,2,7.103,31.5
texas_instruments,1965,2,7.169,32.0
texas_instruments,1966,1,3.345,26.0
texas_instruments,1967,1,4.281,52.0
texas_instruments,1968,4,15.378,44.5
texas_instruments,1969,2,6.793,25.5
texas_instruments,1970,3,10.712,25.3
texas_instruments,1971,2,7.003,30.5
texas_instruments,1972,5,17.073,23.6
texas_instruments,1973,3,11.591,42.7
texas_instruments,1974,3,11.433,25.0
texas_instruments,1976,6,20.87,23.2
texas_instruments,1977,3,10.774,19.7
texas_instruments,1978,4,14.917,28.5
texas_instruments,1979,4,14.849,34.0
texas_instruments,1980,5,19.176,36.4
texas_instruments,1981,3,11.618,43.7
texas_instruments,1982,4,14.463,26.5
texas_instruments,1983,7,24.852,31.4
texas_instruments,1984,4,14.886,30.8
texas_instruments,1985,6,23.058,38.5
texas_instruments,1986,7,25.451,33.9
texas_instruments,1987,4,14.32,28.8
texas_instruments,1988,8,28.881,30.4
texas_instruments,1989,6,21.7,30.7
texas_instruments,1990,4,14.129,30.5
texas_instruments,1991,16,58.177,33.4
texas_instruments,1992,8,28.556,20.6
texas_instruments,1993,7,25.562,36.0
texas_instruments,1994,9,34.325,40.0
texas_instruments,1995,6,22.829,41.3
texas_instruments,1996,15,57.197,35.5
texas_instruments,1997,17,63.855,34.2
texas_instruments,1998,5,18.456,34.0
texas_instruments,1999,10,37.107,36.0
texas_instruments,2000,10,34.877,25.3
texas_instruments,2001,13,48.019,31.7
texas_instruments,2002,29,106.625,34.6
texas_instruments,2003,15,55.878,38.3
texas_instruments,2004,7,24.009,22.3
texas_instruments,2005,12,44.343,30.9
texas_instruments,2006,14,51.138,33.4
texas_instruments,2007,12,42.456,28.5
texas_instruments,2008,12,44.386,37.2
texas_instruments,2009,9,33.803,28.4
texas_instruments,2010,6,21.917,35.8
texas_instruments,2011,8,31.949,49.8
texas_instruments,2012,11,38.628,24.3
texas_instruments,2013,4,14.572,31.2
texas_instruments,2014,3,11.075,29.0
texas_instruments,2015,9,31.794,28.6
texas_instruments,2016,4,14.961,37.2
texas_instruments,2017,5,17.847,31.0
texas_instruments,2018,4,14.583,34.8
texas_instruments,2019,2,7.088,32.0
texas_instruments,2020,1,3.41,24.0
texas_instruments,2021,3,10.253,26.7
texas_instruments,2022,2,7.274,34.0
texas_instruments,2023,3,10.724,31.0
texas_instruments,2025,1,3.994,52.0
uber,2013,1,2.539,8.0
uber,2014,2,4.97,7.0
uber,2015,1,0.0,0.0
uber,2016,7,27.034,39.0
uber,2017,5,18.299,32.6
uber,2018,10,32.956,23.4
uber,2019,20,56.957,15.6
uber,2020,7,19.749,12.1
uber,2022,5,10.616,7.6
uber,2023,4,8.415,11.0
uber,2024,2,3.263,2.5
uber,2025,1,0.602,1.0
unity,2012,1,0.778,1.0
unity,2016,1,2.955,15.0
vmware,1999,2,7.692,35.5
vmware,2000,2,6.697,15.5
vmware,2004,4,11.895,21.5
vmware,2006,2,4.77,6.5
vmware,2008,2,6.163,13.5
vmware,2009,1,4.029,55.0
vmware,2010,6,15.663,8.3
vmware,2011,3,7.928,10.7
vmware,2012,2,6.226,15.0
vmware,2013,4,6.908,3.8
vmware,2014,9,29.017,15.4
vmware,2015,1,1.623,2.0
vmware,2016,1,0.954,2.0
vmware,2019,3,8.602,13.7
vmware,2021,1,3.59,28.0
vmware,2022,1,1.908,4.0
workday,2017,1,0.0,0.0
workday,2020,2,3.533,6.5
workday,2021,1,3.399,18.0
workday,2022,1,0.301,1.0
workday,2023,1,1.851,4.0
workday,2024,2,3.11,5.5
workday,2025,1,0.0,0.0
