ticker,year,hires,wage_ratio
A,2010,24,1.1269
A,2011,38,1.0426
A,2012,28,1.1744
A,2013,46,1.2015
A,2014,42,1.3162
A,2016,36,1.3875
A,2017,48,1.1512
A,2018,53,1.1086
A,2019,51,1.0748
A,2020,81,1.0457
A,2021,87,1.2006
A,2022,74,1.2204
A,2023,55,1.1036
A,2024,58,1.2478
A,2025,52,1.3426
AA,2010,25,0.7959
AA,2016,30,1.0948
AAL,2010,56,1.1278
AAL,2011,69,1.1629
AAL,2012,73,1.148
AAL,2013,71,1.0445
AAL,2014,73,0.7394
AAL,2015,42,0.8968
AAL,2016,257,0.853
AAL,2017,380,0.854
AAL,2018,437,0.8114
AAL,2019,375,0.7801
AAL,2020,525,0.8161
AAL,2021,387,0.7977
AAL,2022,317,0.7388
AAL,2023,251,0.7533
AAL,2024,283,0.7397
AAL,2025,408,0.7615
AAOI,2025,29,0.7476
AAPL,2009,56,1.3903
AAPL,2010,562,1.3769
AAPL,2011,811,1.3761
AAPL,2012,906,1.3275
AAPL,2013,1100,1.3753
AAPL,2014,1192,1.3199
AAPL,2015,432,1.2087
AAPL,2016,1504,1.4101
AAPL,2017,1890,1.3733
AAPL,2018,1815,1.3102
AAPL,2019,1971,1.37
AAPL,2020,4905,1.3806
AAPL,2021,6205,1.3715
AAPL,2022,6199,1.3863
AAPL,2023,3541,1.3312
AAPL,2024,4575,1.2771
AAPL,2025,7157,1.2518
ABBNY,2010,35,0.9979
ABBNY,2011,52,0.9382
ABBNY,2012,62,0.8353
ABBNY,2013,59,0.8838
ABBNY,2014,70,0.8596
ABBNY,2016,113,0.8887
ABBNY,2017,100,0.8961
ABBNY,2018,90,0.8823
ABBNY,2019,81,0.8793
ABBNY,2020,53,0.8802
ABBNY,2021,72,0.7936
ABBNY,2022,71,0.8107
ABBNY,2023,59,0.82
ABBNY,2024,48,0.8276
ABBNY,2025,73,0.7982
ABBV,2013,142,1.3845
ABBV,2014,82,1.4185
ABBV,2016,129,1.4107
ABBV,2017,145,1.3013
ABBV,2018,157,1.244
ABBV,2019,169,1.1183
ABBV,2020,260,1.1287
ABBV,2021,242,1.1322
ABBV,2022,351,1.1351
ABBV,2023,210,1.1787
ABBV,2024,232,1.2547
ABBV,2025,252,1.2727
ABNB,2013,21,1.347
ABNB,2014,35,1.4935
ABNB,2016,161,1.6028
ABNB,2017,265,1.5681
ABNB,2018,330,1.5798
ABNB,2019,378,1.6458
ABNB,2020,339,1.5596
ABNB,2021,353,1.6021
ABNB,2022,275,1.5082
ABNB,2023,170,1.3478
ABNB,2024,180,1.299
ABNB,2025,209,1.3016
ABT,2009,30,1.3096
ABT,2010,170,1.3175
ABT,2011,165,1.2783
ABT,2012,156,1.3469
ABT,2013,78,1.2432
ABT,2014,72,1.1909
ABT,2016,74,1.1616
ABT,2017,72,1.2323
ABT,2018,94,1.1025
ABT,2019,122,0.9171
ABT,2020,91,1.064
ABT,2021,131,0.9596
ABT,2022,113,0.9848
ABT,2023,79,0.98
ABT,2024,87,0.9595
ABT,2025,89,0.9398
ACCO,2021,24,1.0657
ACHR,2022,27,1.6306
ACHR,2023,25,1.4281
ACHR,2025,28,1.4747
ACIW,2013,50,0.8968
ACIW,2014,28,1.0007
ACIW,2016,37,1.0677
ACIW,2017,50,0.9816
ACIW,2018,37,1.0629
ACIW,2019,59,1.0485
ACIW,2020,39,0.9834
ACIW,2021,34,1.0289
ACIW,2022,38,0.994
ACIW,2023,23,1.0629
ACIW,2025,23,1.0471
ACM,2010,52,1.0225
ADBE,2018,42,1.1655
ADBE,2019,580,1.2005
ADBE,2020,781,1.1609
ADBE,2021,1016,1.1665
ADBE,2022,932,1.1438
ADBE,2023,769,1.3219
ADBE,2024,1256,1.3637
ADBE,2025,1111,1.2996
ADI,2010,63,0.9178
ADI,2011,60,1.0252
ADI,2012,49,1.0418
ADI,2013,53,0.9526
ADI,2014,58,0.9116
ADI,2016,132,0.8515
ADI,2017,109,0.8116
ADI,2018,112,0.9102
ADI,2019,181,0.9175
ADI,2020,174,0.9057
ADI,2021,161,0.8806
ADI,2022,178,0.91
ADI,2023,173,0.9873
ADI,2024,164,0.9681
ADI,2025,304,0.9981
ADM,2011,23,0.8517
ADM,2013,23,0.9531
ADM,2014,21,0.9639
ADM,2016,29,0.8305
ADM,2017,39,0.9547
ADM,2018,56,0.9164
ADM,2019,50,0.8419
ADM,2020,105,0.9013
ADM,2021,89,0.9779
ADM,2022,122,0.9506
ADM,2023,95,0.9951
ADM,2024,124,0.9589
ADM,2025,125,0.945
ADNT,2016,43,0.9374
ADNT,2017,62,0.9325
ADNT,2018,68,0.8844
ADNT,2019,74,0.8707
ADNT,2020,50,0.915
ADNT,2021,54,0.8497
ADNT,2022,34,0.8211
ADNT,2024,28,0.8444
ADP,2010,128,1.2147
ADP,2011,127,1.26
ADP,2012,131,1.1816
ADP,2013,102,1.1493
ADP,2014,21,1.2491
ADSK,2010,59,1.104
ADSK,2011,96,1.0904
ADSK,2012,108,1.1002
ADSK,2013,89,1.1384
ADSK,2014,80,1.1027
ADSK,2016,169,1.2523
ADSK,2017,221,1.1348
ADSK,2018,246,1.1415
ADSK,2019,268,1.1504
ADSK,2020,367,1.1191
ADSK,2021,493,1.0132
ADSK,2022,431,1.0211
ADSK,2023,254,1.1039
ADSK,2024,255,1.0859
ADSK,2025,229,1.0641
ADT,2017,20,0.9191
ADT,2018,23,0.8845
ADT,2019,28,0.8348
ADT,2020,30,0.9558
ADT,2021,43,0.9003
ADT,2022,37,0.8475
ADT,2023,35,0.9703
ADT,2024,36,0.9754
ADT,2025,28,1.0085
AEIS,2021,20,0.9766
AEIS,2022,20,0.8471
AEIS,2024,32,0.8392
AEIS,2025,33,0.8524
AEO,2013,22,1.201
AEO,2017,30,1.1281
AEO,2018,35,1.1729
AEO,2019,35,1.1627
AEO,2020,50,1.1081
AEO,2021,43,1.0466
AEO,2022,43,1.2142
AEO,2023,38,1.125
AEO,2024,47,1.0909
AEO,2025,23,1.117
AEP,2011,20,0.8623
AEP,2014,20,0.9387
AEP,2016,20,0.9535
AEP,2017,22,0.9499
AEP,2018,23,0.896
AEP,2019,21,0.9655
AEP,2020,25,0.9318
AEP,2022,35,0.9837
AEP,2023,21,0.9499
AEP,2025,34,0.9951
AFRM,2017,27,1.3797
AFRM,2018,34,1.4143
AFRM,2019,51,1.2872
AFRM,2020,125,1.1688
AFRM,2021,198,1.3057
AFRM,2022,260,1.3242
AFRM,2023,122,1.401
AFRM,2024,92,1.3981
AFRM,2025,91,1.2016
AGYS,2019,28,0.9595
AGYS,2020,29,0.8911
AGYS,2021,22,0.9265
AGYS,2022,20,0.888
AGYS,2024,28,0.8896
AGYS,2025,30,0.7929
AI,2020,42,1.0767
AI,2021,79,1.2453
AI,2022,87,1.1915
AI,2023,74,1.2487
AI,2024,81,1.2175
AI,2025,100,1.2056
AIG,2011,34,1.5639
AIG,2012,33,1.6455
AIG,2013,51,1.2255
AIG,2014,56,1.1678
AKAM,2010,88,1.0958
AKAM,2011,55,1.1012
AKAM,2012,147,1.0998
AKAM,2013,158,1.089
AKAM,2014,189,1.1245
AKAM,2015,33,1.0924
AKAM,2016,207,1.1527
AKAM,2017,312,1.221
AKAM,2018,286,1.1651
AKAM,2019,261,1.2034
AKAM,2020,407,1.153
AKAM,2021,360,1.132
AKAM,2022,263,1.0798
AKAM,2023,222,1.1299
AKAM,2024,192,1.107
AKAM,2025,221,1.1093
ALAB,2020,27,1.3173
ALAB,2022,30,1.5943
ALAB,2024,49,1.4717
ALAB,2025,49,1.3019
ALGM,2018,21,0.8684
ALGM,2021,25,0.8984
ALGM,2024,22,0.9994
ALGM,2025,24,0.8122
ALGN,2016,23,1.4559
ALGN,2017,27,1.3526
ALGN,2018,28,1.2755
ALGN,2019,46,1.3307
ALGN,2020,68,1.1991
ALGN,2021,89,1.1626
ALGN,2022,69,1.3012
ALGN,2023,51,1.1359
ALGN,2024,64,1.2205
ALGN,2025,57,1.2009
ALKS,2017,20,1.307
ALKS,2018,23,1.1479
ALKS,2019,29,1.1925
ALKS,2020,45,1.2855
ALKS,2021,23,1.1568
ALKS,2023,22,1.0712
ALKS,2025,28,1.1408
ALNY,2021,29,1.2188
ALRM,2016,20,0.8328
ALRM,2018,21,0.8973
ALRM,2020,25,0.985
ALRM,2021,20,1.1678
AMBA,2018,35,1.0688
AMBA,2020,27,1.1566
AMBA,2021,60,1.0422
AMBA,2022,23,1.0858
AMBA,2023,25,1.1886
AMBA,2024,25,1.1841
AMBA,2025,27,1.1403
AMD,2009,30,0.9885
AMD,2010,186,0.971
AMD,2011,214,1.0259
AMD,2012,239,1.0347
AMD,2013,299,1.0055
AMD,2014,187,1.0026
AMD,2016,247,1.0296
AMD,2017,312,1.0319
AMD,2018,319,1.022
AMD,2019,474,1.0392
AMD,2020,683,1.0803
AMD,2021,750,1.1316
AMD,2022,752,1.0891
AMD,2023,568,1.0763
AMD,2024,824,1.1145
AMD,2025,778,1.0667
AMGN,2009,33,1.2852
AMGN,2010,112,1.4217
AMGN,2011,115,1.354
AMGN,2012,112,1.2507
AMGN,2013,92,1.3246
AMGN,2014,83,1.3559
AMGN,2015,21,1.2729
AMGN,2016,118,1.3425
AMGN,2017,170,1.2971
AMGN,2018,241,1.1731
AMGN,2019,391,1.1097
AMGN,2020,567,1.0773
AMGN,2021,724,1.0445
AMGN,2022,596,1.0833
AMGN,2023,466,1.0667
AMGN,2024,487,1.0946
AMGN,2025,409,1.0875
AMP,2016,43,0.9189
AMP,2017,58,0.9313
AMP,2018,52,1.071
AMP,2019,75,0.9149
AMP,2020,106,0.8935
AMP,2021,104,0.9177
AMP,2022,109,0.868
AMP,2023,61,0.9849
AMP,2024,79,0.9381
AMP,2025,95,1.0584
AMPH,2019,20,0.8396
AMPL,2021,31,1.488
AMPL,2023,24,1.5065
AMPL,2024,22,1.3325
AMPL,2025,27,1.4327
AMRX,2011,21,1.0179
AMRX,2012,27,0.9704
AMRX,2013,27,0.9745
AMRX,2014,43,0.8371
AMRX,2016,45,0.9914
AMRX,2017,30,1.0007
AMRX,2018,47,1.0531
AMRX,2019,40,1.3383
AMRX,2020,33,1.0274
AMRX,2021,51,1.1031
AMRX,2022,42,1.3248
AMRX,2023,31,1.1793
AMRX,2024,32,1.1239
AMRX,2025,24,1.148
AMZN,2010,32,1.1748
AMZN,2013,32,1.1728
AMZN,2014,110,1.2182
AMZN,2015,93,1.0691
AMZN,2016,321,1.298
AMZN,2017,450,1.2454
AMZN,2018,7132,1.2125
AMZN,2019,9815,1.2033
AMZN,2020,18412,1.1456
AMZN,2021,16995,1.0189
AMZN,2022,24502,1.1147
AMZN,2023,16619,1.1181
AMZN,2024,18722,1.1372
AMZN,2025,17914,1.1011
ANDG,2024,20,0.8495
ANDG,2025,24,0.8606
ANET,2011,21,1.237
ANET,2012,45,1.2738
ANET,2013,62,1.1825
ANET,2014,47,1.2081
ANET,2016,122,1.1637
ANET,2017,120,1.1343
ANET,2018,105,1.1806
ANET,2019,131,1.1308
ANET,2020,147,1.0573
ANET,2021,217,0.9711
ANET,2022,161,1.0154
ANET,2023,99,1.0418
ANET,2024,167,0.9638
ANET,2025,187,0.9491
ANGI,2022,51,1.2144
ANGI,2024,43,1.1547
APP,2022,31,1.3284
APP,2023,23,1.4111
APP,2024,23,1.2912
APP,2025,30,1.3255
APPF,2016,24,1.0292
APPF,2020,52,1.091
APPF,2021,79,1.0243
APPF,2022,35,1.1235
APPF,2023,20,1.1655
APPF,2024,26,1.1766
APPF,2025,23,1.1543
APPN,2016,23,1.1689
APPN,2017,21,1.0838
APPN,2018,29,1.0795
APPN,2019,90,1.0753
APPN,2020,52,1.0316
APPN,2021,43,1.0937
APPN,2022,50,1.0379
APPN,2023,35,1.0783
APPN,2024,41,0.9922
APPN,2025,38,1.1479
APTV,2018,64,0.9647
APTV,2019,322,0.8745
APTV,2020,185,0.7425
APTV,2021,297,0.796
APTV,2022,261,0.8064
APTV,2023,180,0.9075
APTV,2024,189,0.9266
APTV,2025,59,0.955
ARAY,2020,23,1.1191
ARLO,2018,25,1.4094
ARLO,2021,30,1.2366
ARW,2010,23,1.1391
ARW,2011,40,1.2733
ARW,2012,35,1.4748
ARW,2013,47,1.2377
ARW,2014,46,1.2071
ARW,2016,112,1.2019
ARW,2017,78,1.17
ARW,2018,122,1.1085
ARW,2019,125,1.0612
ARW,2020,103,0.9455
ARW,2021,79,1.0139
ARW,2022,96,0.9678
ARW,2023,41,1.0298
ARW,2024,44,1.0227
ARW,2025,55,1.0428
ASAN,2017,30,1.2246
ASAN,2018,21,1.2923
ASAN,2019,34,1.3353
ASAN,2020,87,1.229
ASAN,2021,67,1.4367
ASAN,2022,106,1.3971
ASAN,2023,85,1.471
ASAN,2024,78,1.4012
ASAN,2025,45,1.468
ASML,2010,56,1.09
ASML,2011,36,1.1351
ASML,2012,20,1.0735
ASML,2013,42,1.0896
ASML,2014,27,1.1219
ASML,2016,59,1.1361
ASML,2017,89,1.1733
ASML,2018,183,1.1025
ASML,2019,285,1.0845
ASML,2020,318,1.0669
ASML,2021,281,1.0758
ASML,2022,487,1.0569
ASML,2023,522,1.0252
ASML,2024,422,1.0526
ASML,2025,468,1.0153
ATEN,2013,29,1.1168
ATEN,2014,23,1.0802
ATEN,2016,37,1.1365
ATEN,2017,44,1.1145
ATEN,2018,40,1.0894
ATEN,2019,43,1.0504
ATEN,2020,31,1.0618
ATEN,2021,55,1.0872
ATEN,2022,28,1.056
ATEN,2023,33,1.0183
ATEN,2024,32,1.0667
ATEN,2025,25,1.1035
ATEYY,2016,26,1.0575
ATEYY,2019,40,1.0936
ATEYY,2020,30,0.9698
ATEYY,2021,32,0.959
ATEYY,2022,40,0.9805
ATEYY,2023,32,0.9566
ATEYY,2025,26,0.9185
ATI,2017,24,1.0225
ATI,2018,21,0.995
ATI,2019,26,0.8915
ATI,2021,27,0.9469
ATI,2022,38,0.8954
ATI,2023,25,0.9311
ATI,2024,39,1.0281
ATI,2025,42,1.0543
ATMP,2010,62,1.3157
ATMP,2011,50,1.3766
ATMP,2012,40,1.3476
ATMP,2013,47,1.3118
ATMP,2014,49,1.1557
ATMP,2017,25,1.2984
ATMP,2018,24,1.3087
ATRA,2021,22,1.0241
AUR,2019,41,1.0892
AUR,2020,77,1.1259
AUR,2021,68,1.1689
AUR,2022,107,1.1627
AUR,2023,93,1.4222
AUR,2024,55,1.2304
AVGO,2009,91,1.2337
AVGO,2010,437,1.2298
AVGO,2011,388,1.2596
AVGO,2012,434,1.321
AVGO,2013,509,1.2565
AVGO,2014,299,1.2375
AVGO,2015,192,1.128
AVGO,2016,298,1.3053
AVGO,2017,106,1.1761
AVGO,2018,151,1.1646
AVGO,2019,122,1.2946
AVGO,2020,108,1.1962
AVGO,2021,154,1.2152
AVGO,2022,127,1.1951
AVGO,2023,93,1.2413
AVGO,2024,61,1.2424
AVGO,2025,92,1.1992
AVT,2012,142,1.0078
AVT,2013,128,1.0635
AVT,2014,97,1.1147
AVT,2015,25,1.2171
AVT,2016,26,1.2486
AVT,2017,33,1.1007
AVT,2019,23,1.0691
AVT,2020,57,1.0149
AVT,2022,29,1.0585
AVT,2023,20,1.0913
AVY,2010,32,1.0217
AVY,2011,36,0.999
AVY,2012,41,0.9595
AVY,2013,40,0.9932
AVY,2014,29,1.1497
AVY,2016,40,1.1002
AVY,2017,30,0.981
AVY,2018,35,1.0986
AVY,2019,35,0.9674
AVY,2020,27,0.8693
AVY,2021,25,1.0816
AVY,2022,26,1.0166
AVY,2023,28,0.9484
AVY,2025,39,0.8808
AXON,2018,31,1.1284
AXON,2019,29,0.9186
AXON,2020,63,1.1006
AXON,2021,75,1.0873
AXON,2022,61,1.1462
AXON,2023,57,1.2313
AXON,2024,79,1.1175
AXON,2025,151,1.1063
AXP,2014,37,1.3724
AXP,2015,22,1.1444
AXP,2016,117,1.2302
AXP,2017,59,1.182
AXP,2018,127,1.1388
AXP,2019,123,1.0495
AXP,2020,120,1.0018
AXP,2021,136,0.9882
AXP,2022,137,1.0263
AXP,2023,95,1.0082
AXP,2024,144,1.0252
AXP,2025,74,1.0048
AZO,2010,26,0.9601
AZO,2012,23,0.9119
AZO,2016,32,0.8983
AZO,2017,39,0.8955
AZO,2018,61,0.9062
AZO,2019,47,0.9476
AZO,2020,89,1.0096
AZO,2021,80,1.0174
AZO,2022,93,0.967
AZO,2023,60,0.9812
AZO,2024,75,0.9015
AZO,2025,74,0.899
AZTA,2022,20,0.9018
BA,2010,47,1.293
BA,2011,48,1.1374
BA,2012,31,1.0946
BA,2013,31,1.1327
BA,2016,37,1.078
BA,2017,36,1.0885
BA,2018,22,1.1503
BA,2019,28,0.9303
BA,2020,35,1.0419
BA,2022,50,1.0898
BA,2023,39,1.0653
BA,2024,40,1.163
BA,2025,50,1.0464
BAH,2010,25,1.2897
BAH,2012,29,1.1943
BAH,2016,24,1.1062
BAH,2017,29,1.057
BAH,2018,24,0.9742
BAH,2019,47,1.0199
BAH,2020,49,1.0176
BAH,2021,30,1.1368
BAH,2022,37,1.195
BAH,2023,34,1.1799
BAM,2023,28,1.5697
BAM,2025,23,1.5294
BAND,2021,28,0.9456
BAND,2022,26,0.9735
BB,2013,24,1.0949
BB,2018,23,1.2063
BB,2021,27,1.0323
BBY,2017,51,1.1972
BBY,2018,67,1.0959
BBY,2019,79,1.0579
BBY,2020,127,1.1239
BBY,2021,294,1.0326
BBY,2022,289,1.0678
BBY,2023,192,1.1309
BBY,2024,182,1.0793
BBY,2025,160,1.0751
BC,2013,20,0.9605
BC,2016,28,1.0174
BC,2017,28,0.9262
BC,2018,59,0.9707
BC,2019,31,1.0112
BC,2020,33,0.9403
BC,2021,52,1.03
BC,2022,59,0.9318
BC,2023,24,0.9524
BC,2024,40,1.0267
BC,2025,36,0.8213
BDC,2018,22,0.8041
BE,2017,31,1.2505
BE,2018,27,1.0782
BE,2019,20,1.2033
BE,2020,33,1.1029
BE,2021,32,1.173
BE,2022,36,1.2814
BE,2023,30,1.3885
BE,2024,27,1.3799
BE,2025,42,1.3976
BFAM,2019,20,1.0521
BIDU,2016,33,1.4682
BIDU,2017,28,1.5604
BIDU,2018,40,1.4658
BIDU,2019,44,1.3532
BIDU,2021,29,1.3365
BIIB,2016,74,1.4137
BIIB,2017,86,1.206
BIIB,2018,87,1.1521
BIIB,2019,100,1.1746
BIIB,2020,145,1.1516
BIIB,2021,164,1.0576
BIIB,2022,154,1.0416
BIIB,2023,92,1.1241
BIIB,2024,99,1.0947
BIIB,2025,91,1.2287
BIO,2010,20,1.184
BIO,2011,27,1.2361
BIO,2013,33,1.2345
BIO,2014,28,1.3107
BIO,2016,38,1.2757
BIO,2017,36,1.193
BIO,2018,47,1.1209
BIO,2019,46,1.1498
BIO,2020,38,1.2662
BIO,2021,69,1.1273
BIO,2022,62,1.0802
BIO,2023,32,1.1964
BIO,2024,49,1.2124
BIO,2025,27,1.0924
BJ,2017,32,1.1921
BJ,2018,24,1.1803
BJ,2019,43,1.0021
BJ,2020,39,1.0206
BJ,2021,76,1.0225
BJ,2024,44,1.2604
BJ,2025,57,1.0748
BKR,2010,63,1.1072
BKR,2011,132,1.0635
BKR,2012,134,1.0979
BKR,2013,137,1.0289
BKR,2014,127,1.0632
BKR,2015,29,1.0655
BKR,2016,59,1.101
BKR,2017,50,1.0974
BKR,2020,20,1.2026
BKR,2021,24,1.11
BKR,2024,21,1.2014
BLCO,2013,21,1.0025
BLK,2019,24,0.9098
BLK,2020,32,0.8795
BLK,2021,50,0.8794
BLK,2022,40,0.8422
BLK,2024,28,1.0413
BLKB,2019,21,0.9556
BLND,2019,21,1.3904
BLND,2020,45,1.3398
BLND,2021,64,1.3649
BLND,2022,35,1.3489
BMRN,2016,20,1.389
BMRN,2017,39,1.4075
BMRN,2018,35,1.2468
BMRN,2019,30,1.2266
BMRN,2020,38,1.2339
BMRN,2021,35,1.2202
BMRN,2022,42,1.1359
BMRN,2023,29,1.1534
BMRN,2024,26,1.077
BMRN,2025,31,1.1054
BMY,2010,88,1.467
BMY,2011,97,1.5338
BMY,2012,74,1.4897
BMY,2013,73,1.3743
BMY,2014,78,1.4173
BMY,2016,107,1.4503
BMY,2017,104,1.3579
BMY,2018,137,1.3696
BMY,2019,123,1.3135
BMY,2020,258,1.422
BMY,2021,246,1.4334
BMY,2022,205,1.4144
BMY,2023,259,1.366
BMY,2024,242,1.3524
BMY,2025,247,1.3217
BNS,2020,38,1.1092
BNS,2021,98,1.1535
BNS,2022,47,1.1489
BNS,2023,44,1.0951
BNS,2024,51,1.1922
BNS,2025,59,1.0004
BNY,2011,24,1.3476
BNY,2012,20,1.3064
BNY,2013,25,1.5313
BNY,2014,20,1.2615
BNY,2016,66,1.2915
BNY,2017,91,1.1588
BNY,2018,105,1.2152
BNY,2019,110,1.3911
BNY,2020,240,1.2958
BNY,2021,186,1.2728
BNY,2022,173,1.2187
BNY,2023,169,1.2819
BNY,2024,149,1.1646
BNY,2025,167,1.1247
BODI,2011,20,1.3141
BODI,2016,37,1.4276
BODI,2020,27,1.3061
BODI,2021,23,1.3783
BOX,2013,30,1.3065
BOX,2014,26,1.5025
BOX,2016,56,1.4728
BOX,2017,68,1.2462
BOX,2018,48,1.2223
BOX,2019,81,1.2941
BOX,2020,132,1.3256
BOX,2021,158,1.2161
BOX,2022,94,1.1952
BOX,2023,57,1.2386
BOX,2024,95,1.2472
BOX,2025,91,1.2298
BP,2010,87,1.2648
BP,2011,134,1.473
BP,2012,129,1.3827
BP,2013,118,1.3801
BP,2014,142,1.3557
BP,2016,66,1.3175
BP,2017,59,1.4128
BP,2018,58,1.2615
BP,2019,63,1.31
BP,2020,58,0.9982
BP,2021,69,0.9982
BP,2022,41,0.8495
BP,2023,37,0.9151
BP,2024,29,0.8554
BP,2025,32,0.9755
BR,2010,65,1.271
BR,2011,42,1.3465
BR,2012,73,1.2395
BR,2013,59,1.2263
BR,2014,37,1.3205
BR,2016,39,1.1234
BR,2017,54,1.1196
BR,2018,65,1.1652
BR,2019,72,1.0794
BR,2020,92,1.0967
BR,2021,153,1.0808
BR,2022,157,0.9908
BR,2023,78,1.0569
BR,2024,130,1.0979
BR,2025,86,0.9745
BRZE,2022,20,1.3522
BSX,2009,21,0.9372
BSX,2010,62,1.0307
BSX,2011,73,0.977
BSX,2012,81,1.0233
BSX,2013,42,0.9575
BSX,2014,53,0.9686
BSX,2016,46,1.0779
BSX,2017,78,0.9714
BSX,2018,63,0.9817
BSX,2019,104,1.0495
BSX,2020,122,0.979
BSX,2021,153,0.9457
BSX,2022,143,0.9168
BSX,2023,83,0.98
BSX,2024,118,0.9864
BSX,2025,105,0.9704
BSY,2011,22,1.0047
BSY,2013,23,0.9184
BSY,2014,23,0.8754
BSY,2016,26,0.9019
BSY,2017,36,0.8381
BSY,2018,34,0.8726
BSY,2019,31,0.8269
BSY,2021,28,0.878
BSY,2022,23,0.8207
BSY,2024,22,0.8543
BSY,2025,24,0.8417
BWMN,2025,30,0.8857
BX,2014,22,1.2926
BX,2016,31,1.2359
BX,2017,34,1.0654
BX,2018,60,1.19
BX,2019,64,1.1394
BX,2020,72,1.1857
BX,2021,93,1.1642
BX,2022,72,1.184
BX,2023,105,1.1558
BX,2024,90,1.188
BX,2025,121,1.166
BYND,2022,26,1.0154
CACC,2017,21,0.8343
CACC,2018,24,0.8855
CACC,2019,22,0.9689
CACC,2020,37,0.9668
CACC,2021,27,0.9627
CACC,2022,36,0.9403
CACC,2023,23,1.0532
CACC,2024,49,1.1143
CACC,2025,44,1.0827
CAG,2022,20,0.9661
CAH,2010,62,0.9352
CAH,2011,59,0.8954
CAH,2012,51,0.867
CAH,2013,68,0.9336
CAH,2014,64,0.9182
CAH,2015,37,0.9196
CAH,2016,133,0.9164
CAH,2017,145,0.9567
CAH,2018,144,0.9808
CAH,2019,117,0.9239
CAH,2020,151,0.8903
CAH,2021,183,0.8835
CAH,2022,157,0.8356
CAH,2023,142,0.8145
CAH,2024,113,0.8323
CAH,2025,139,0.8674
CALX,2014,22,1.0716
CALX,2016,22,0.9752
CALX,2017,24,0.8853
CALX,2018,25,0.9541
CALX,2021,35,0.951
CALX,2022,43,1.0508
CALX,2023,27,1.0626
CALX,2024,39,1.1625
CALX,2025,34,1.0169
CALY,2020,32,1.2502
CALY,2021,28,1.2197
CARG,2019,23,1.3179
CARG,2020,32,1.2943
CARG,2021,48,1.2977
CARG,2022,50,1.1963
CARG,2023,35,1.2293
CARG,2024,39,1.2586
CARG,2025,35,1.1663
CARS,2017,22,1.0767
CARS,2021,28,0.8906
CART,2016,20,1.4098
CART,2017,25,1.22
CART,2018,49,1.3967
CART,2019,44,1.3805
CART,2020,128,1.3484
CART,2021,290,1.2762
CART,2022,221,1.249
CART,2023,173,1.4359
CART,2024,171,1.3043
CART,2025,156,1.2922
CAT,2009,22,1.0352
CAT,2010,192,1.0393
CAT,2011,298,1.0494
CAT,2012,259,1.0723
CAT,2013,123,1.098
CAT,2014,138,1.1534
CAT,2016,87,1.1605
CAT,2017,122,1.1924
CAT,2018,146,1.0965
CAT,2019,169,1.1696
CAT,2020,181,1.0088
CAT,2021,305,1.0278
CAT,2022,393,0.9847
CAT,2023,250,0.9359
CAT,2024,332,0.8887
CAT,2025,313,0.867
CBOE,2018,25,1.0237
CBOE,2025,21,1.0232
CBRE,2013,22,0.8979
CBRE,2016,44,0.9776
CBRE,2017,50,1.0243
CBRE,2018,102,1.0007
CBRE,2019,126,1.0428
CBRE,2020,171,0.9738
CBRE,2021,287,0.9933
CBRE,2022,201,0.9443
CBRE,2023,180,0.8451
CBRE,2024,213,0.9131
CBRE,2025,153,0.9044
CBRS,2020,35,1.3159
CBRS,2021,37,1.202
CBRS,2025,32,1.3104
CCC,2021,54,0.8173
CCC,2022,82,0.7837
CCC,2023,59,0.7869
CCC,2024,64,0.7936
CCC,2025,56,0.8076
CCHH,2012,27,0.9433
CCHH,2013,31,0.939
CCHH,2014,25,0.9788
CCHH,2016,22,1.1714
CCI,2019,21,1.0712
CCI,2020,20,1.0763
CCI,2022,32,1.0156
CCI,2024,20,1.011
CCL,2014,20,0.9905
CCL,2016,25,0.8618
CCL,2017,43,0.8901
CCL,2018,45,0.7931
CCL,2019,37,0.7524
CCL,2020,69,0.7791
CCL,2021,52,0.7488
CCL,2022,46,0.7905
CCL,2023,37,0.8121
CCL,2024,43,0.797
CCL,2025,64,0.8037
CDLX,2020,37,0.839
CDLX,2021,36,0.9908
CDLX,2022,51,1.2487
CDLX,2023,33,1.1316
CDLX,2024,48,1.1073
CDLX,2025,28,1.2288
CDNA,2020,25,1.1348
CDNA,2021,28,1.0755
CDNA,2022,20,1.1988
CDNS,2010,68,1.0378
CDNS,2011,41,1.1153
CDNS,2012,65,1.1659
CDNS,2013,100,1.1108
CDNS,2014,85,1.1762
CDNS,2015,26,1.2275
CDNS,2016,166,1.1944
CDNS,2017,179,1.0967
CDNS,2018,211,1.0462
CDNS,2019,280,1.1097
CDNS,2020,326,1.0666
CDNS,2021,420,1.0324
CDNS,2022,372,1.0118
CDNS,2023,282,1.0603
CDNS,2024,258,1.0449
CDNS,2025,290,1.0237
CDW,2018,25,1.0545
CDW,2019,26,1.0717
CDW,2021,67,0.9705
CDW,2022,56,0.9933
CDW,2024,37,0.9048
CDW,2025,25,0.9236
CE,2012,27,1.2073
CE,2013,21,1.1168
CE,2014,21,1.1652
CE,2024,20,1.1861
CEG,2011,28,0.9766
CGNX,2019,20,0.9575
CGNX,2020,23,1.0224
CGNX,2021,23,0.9518
CGNX,2022,28,1.0437
CGNX,2023,25,1.0982
CHGG,2016,30,1.4364
CHGG,2017,26,1.4737
CHGG,2018,43,1.3368
CHGG,2019,57,1.2473
CHGG,2020,68,1.2373
CHGG,2021,48,1.4115
CHGG,2022,43,1.29
CHGG,2023,35,1.3732
CHGG,2024,29,1.3506
CHPT,2020,26,1.257
CHPT,2021,39,1.2462
CHPT,2022,46,1.1781
CHPT,2023,46,1.2514
CHPT,2024,46,1.2277
CHPT,2025,33,1.2513
CHRW,2022,22,1.1688
CHSCP,2020,26,0.8715
CHSCP,2021,30,0.9142
CHSCP,2022,33,1.0169
CHSCP,2023,33,1.0459
CHSCP,2024,41,1.0214
CHSCP,2025,25,0.9411
CHWY,2017,21,1.1387
CHWY,2018,95,1.0682
CHWY,2019,118,1.073
CHWY,2020,249,1.1532
CHWY,2021,269,1.1366
CHWY,2022,305,1.1713
CHWY,2023,202,1.1935
CHWY,2024,202,1.1869
CHWY,2025,237,1.1096
CHYM,2020,88,1.5901
CHYM,2021,127,1.6696
CHYM,2022,74,1.5203
CHYM,2023,120,1.4809
CHYM,2024,129,1.4112
CHYM,2025,109,1.3483
CIEN,2010,21,1.0434
CIEN,2011,40,1.0936
CIEN,2012,22,1.2228
CIEN,2013,39,1.1655
CIEN,2014,33,1.2249
CIEN,2016,56,1.2798
CIEN,2017,54,1.0983
CIEN,2018,70,1.1406
CIEN,2019,52,1.1041
CIEN,2020,55,1.081
CIEN,2021,40,1.1499
CIEN,2022,47,1.2322
CIEN,2023,34,1.3374
CIEN,2024,26,1.2422
CIEN,2025,35,1.1865
CL,2012,21,1.1539
CLS,2025,23,1.1535
CMI,2009,43,0.8169
CMI,2010,392,0.8154
CMI,2011,779,0.8035
CMI,2012,649,0.8247
CMI,2013,562,0.8474
CMI,2014,842,0.8544
CMI,2015,84,0.8654
CMI,2016,532,0.8635
CMI,2017,740,0.7866
CMI,2018,695,0.7679
CMI,2019,736,0.7671
CMI,2020,928,0.7973
CMI,2021,1201,0.7824
CMI,2022,953,0.765
CMI,2023,858,0.7919
CMI,2024,749,0.8035
CMI,2025,912,0.8243
CMPR,2016,46,1.0283
CMPR,2017,41,1.0171
CMPR,2018,48,1.0477
CMPR,2019,39,1.0147
CMPR,2020,49,0.9955
CMPR,2021,38,1.031
CMPR,2022,49,0.9919
CMPR,2023,32,1.0648
CMPR,2024,23,1.0373
CMPR,2025,28,1.0789
CMS-PB,2021,23,1.033
CNXN,2024,23,1.024
COHR,2024,23,1.052
COMP,2011,24,0.8938
COMP,2012,24,1.0641
COMP,2014,24,0.8832
COMP,2016,23,0.9162
COMP,2017,48,0.7939
COMP,2018,49,0.9016
COMP,2019,84,0.8193
COMP,2020,73,0.833
COMP,2021,151,1.1475
COMP,2022,70,0.8598
COMP,2023,53,0.8329
COMP,2024,59,0.8326
COMP,2025,57,0.8648
COP,2009,28,0.9514
COP,2010,75,0.9682
COP,2011,79,1.0883
COP,2012,95,1.1284
COP,2013,90,1.1987
COP,2014,91,1.1976
COP,2015,26,1.1586
COP,2016,70,1.264
COP,2017,30,1.3772
COP,2018,20,1.2038
COP,2019,33,1.1484
COP,2020,28,1.1688
COP,2021,37,1.1387
COP,2022,27,1.2752
COP,2023,50,1.3093
COP,2024,21,1.236
COTY,2016,23,0.9771
COTY,2017,21,1.0946
COTY,2019,24,0.9265
COUR,2014,23,1.4628
COUR,2016,35,1.5479
COUR,2017,45,1.4569
COUR,2018,48,1.2444
COUR,2019,46,1.2156
COUR,2020,47,1.209
COUR,2021,31,1.1778
COUR,2022,54,1.2331
COUR,2023,31,1.2604
CPAY,2024,20,1.0238
CPAY,2025,34,0.907
CPRT,2014,50,1.104
CPRT,2016,41,1.0253
CPRT,2017,63,0.9254
CPRT,2018,46,0.8531
CPRT,2019,141,0.9326
CPRT,2020,93,0.8717
CPRT,2021,95,0.8985
CPRT,2022,75,0.9357
CPRT,2023,52,0.9226
CPRT,2024,87,0.8825
CPRT,2025,85,0.8637
CR,2013,20,1.1397
CR,2014,23,1.1495
CR,2016,22,1.0249
CR,2017,24,1.0363
CR,2018,24,1.0029
CR,2019,35,0.8304
CR,2020,24,0.8779
CR,2021,27,0.946
CRAI,2011,24,0.9487
CRAI,2017,29,0.8074
CRAI,2018,47,1.0622
CRAI,2019,83,1.0903
CRAI,2020,54,0.7863
CRAI,2021,58,0.8645
CRAI,2022,89,0.8568
CRAI,2023,34,1.0012
CRAI,2024,55,0.934
CRAI,2025,86,0.9627
CRC,2020,28,1.3568
CRCT,2021,30,0.9989
CRCT,2025,26,0.9246
CRM,2022,1990,1.4047
CRM,2023,2062,1.3864
CRM,2024,2180,1.419
CRM,2025,1820,1.4453
CRSP,2020,20,1.2991
CRSP,2021,21,1.2286
CRSP,2024,27,1.2108
CRSP,2025,20,1.9874
CRUS,2010,46,1.0397
CRUS,2011,29,1.0595
CRUS,2012,56,1.0812
CRUS,2013,58,1.0459
CRUS,2014,43,0.9996
CRUS,2016,66,1.0513
CRUS,2017,67,1.0272
CRUS,2018,52,1.0092
CRWD,2020,49,1.4953
CRWD,2021,100,1.3874
CRWD,2022,138,1.4678
CRWD,2023,82,1.4669
CRWD,2024,85,1.3974
CRWD,2025,118,1.3475
CRWV,2025,43,1.5332
CSCO,2009,89,1.1658
CSCO,2010,406,1.2041
CSCO,2011,371,1.2053
CSCO,2012,438,1.1915
CSCO,2013,546,1.1836
CSCO,2014,341,1.1884
CSCO,2015,138,1.1817
CSCO,2016,717,1.2454
CSCO,2017,638,1.2387
CSCO,2018,773,1.2061
CSCO,2019,833,1.1743
CSCO,2020,1793,1.1138
CSCO,2021,2788,1.1706
CSCO,2022,2398,1.015
CSCO,2023,1023,1.0986
CSCO,2024,1332,1.079
CSCO,2025,1106,1.1005
CTAS,2019,22,1.0916
CTAS,2022,22,1.2314
CTAS,2023,21,1.1242
CTAS,2024,25,1.0457
CTAS,2025,33,0.9925
CTGG,2010,39,0.9719
CTGG,2011,44,0.9513
CTGG,2012,27,0.9291
CTGG,2013,34,0.9984
CTGG,2014,20,1.0518
CTGG,2017,33,1.0541
CTGG,2018,26,0.8466
CTGG,2019,24,0.9238
CTGG,2020,46,0.911
CTGG,2021,26,0.9237
CTGG,2022,30,0.8654
CTGG,2023,30,0.9874
CTGG,2025,25,0.8673
CTSH,2018,15036,0.9642
CTSH,2019,32615,0.9561
CTSH,2020,26256,0.9126
CTSH,2021,14829,0.9405
CTSH,2022,16181,0.9293
CTSH,2023,12036,0.9416
CTSH,2024,11796,0.9014
CTSH,2025,10395,0.933
CVLT,2016,92,1.138
CVLT,2017,81,1.1159
CVLT,2018,85,1.0439
CVLT,2019,117,1.105
CVLT,2020,93,1.0773
CVLT,2021,120,0.9865
CVLT,2022,72,1.0618
CVLT,2023,38,0.9861
CVLT,2024,49,1.0727
CVLT,2025,41,1.101
CVNA,2019,23,1.1242
CVNA,2020,37,1.0362
CVNA,2021,96,1.1106
CVNA,2022,98,0.9895
CVNA,2024,59,0.9792
CVNA,2025,39,0.8989
CVX,2010,154,1.2878
CVX,2011,132,1.339
CVX,2012,168,1.3667
CVX,2013,180,1.3263
CVX,2014,84,1.3957
CVX,2016,63,1.4277
CVX,2017,53,1.3526
CVX,2018,41,1.4396
CVX,2019,42,1.3777
CVX,2020,54,1.3664
CVX,2021,89,1.4374
CVX,2022,39,1.538
CVX,2023,43,1.4061
CVX,2024,30,1.5779
CVX,2025,26,1.4335
CXM,2021,25,0.942
CYN,2019,26,1.4859
DAL,2010,20,1.0103
DAL,2017,25,1.168
DAL,2018,52,1.1381
DAL,2019,44,1.1001
DAL,2020,136,1.0697
DAL,2021,143,1.0712
DAL,2022,188,1.0325
DAL,2023,89,1.0501
DAL,2024,172,1.0461
DAL,2025,161,1.0657
DASH,2017,27,1.3198
DASH,2018,49,1.5339
DASH,2019,116,1.608
DASH,2020,290,1.6084
DASH,2021,721,1.5273
DASH,2022,684,1.4989
DASH,2023,436,1.4074
DASH,2024,547,1.2823
DASH,2025,514,1.268
DBX,2013,28,1.4053
DBX,2014,60,1.4657
DBX,2016,202,1.4267
DBX,2017,96,1.32
DBX,2018,145,1.3396
DBX,2019,177,1.239
DBX,2020,289,1.2812
DBX,2021,321,1.1929
DBX,2022,216,1.2253
DBX,2023,124,1.3731
DBX,2024,149,1.282
DBX,2025,121,1.2834
DDOG,2016,27,1.1746
DDOG,2018,20,1.1001
DDOG,2019,25,1.2037
DDOG,2020,48,1.1964
DDOG,2021,46,1.2837
DDOG,2022,86,1.4885
DDOG,2023,41,1.4217
DDOG,2024,74,1.4492
DDOG,2025,121,1.401
DE,2010,41,1.012
DE,2011,38,0.94
DE,2012,45,0.9308
DE,2013,35,0.9388
DE,2014,22,0.9712
DE,2016,30,1.0205
DE,2017,32,1.1608
DE,2018,67,0.9321
DE,2019,64,0.9595
DE,2020,50,0.8542
DE,2021,70,0.8646
DE,2022,42,0.8831
DE,2023,76,0.9634
DE,2024,143,0.9284
DE,2025,193,0.9116
DECK,2016,31,1.2889
DECK,2018,22,1.3481
DECK,2019,26,1.1857
DECK,2021,36,0.9742
DECK,2022,24,1.0533
DECK,2024,21,1.0306
DECK,2025,21,1.1184
DG,2022,35,0.8508
DG,2023,45,0.8674
DG,2024,22,0.8849
DG,2025,45,0.872
DGX,2010,31,1.1645
DGX,2011,45,1.1102
DGX,2012,55,1.0582
DGX,2013,53,1.036
DGX,2014,62,1.0593
DGX,2016,74,1.0592
DGX,2017,55,0.9979
DGX,2018,63,0.9912
DGX,2019,52,1.0483
DGX,2020,77,1.0535
DGX,2021,105,1.0132
DGX,2022,96,1.0164
DGX,2023,70,1.0756
DGX,2024,49,1.0162
DGX,2025,52,1.0314
DH,2021,26,0.9997
DKNG,2019,35,1.0108
DKNG,2020,34,1.0753
DKNG,2021,32,0.9532
DKNG,2022,45,0.8903
DKS,2020,23,0.8762
DKS,2021,21,0.8917
DLB,2010,25,1.3261
DLB,2011,24,1.1495
DLB,2012,25,1.1843
DLB,2013,22,1.2112
DLB,2016,50,1.1892
DLB,2017,27,1.2068
DLB,2018,35,1.121
DLB,2019,46,1.0896
DLB,2020,37,1.0311
DLB,2021,96,1.0557
DLB,2022,42,1.1886
DLB,2024,28,1.1015
DLB,2025,37,0.9861
DLX,2020,22,0.8085
DLX,2023,22,0.8956
DLX,2024,21,0.9954
DNA,2021,35,1.152
DNA,2022,29,1.2144
DNA,2023,24,1.1518
DNA,2024,38,1.1637
DOCN,2021,24,1.0104
DOCN,2022,25,0.9981
DOCN,2025,33,1.2355
DOCU,2016,38,1.3564
DOCU,2017,45,1.1881
DOCU,2018,67,1.2573
DOCU,2019,103,1.3552
DOCU,2020,224,1.1163
DOCU,2021,281,1.2439
DOCU,2022,240,1.271
DOCU,2023,288,1.3455
DOCU,2024,372,1.4074
DOCU,2025,318,1.2975
DOX,2009,31,1.0605
DOX,2010,149,0.9999
DOX,2011,179,0.9404
DOX,2012,161,0.9287
DOX,2013,166,0.9085
DOX,2014,266,0.9777
DOX,2015,36,1.0054
DOX,2016,235,1.0
DOX,2017,292,0.9784
DOX,2018,133,1.0041
DOX,2019,137,1.024
DOX,2020,197,1.0073
DOX,2021,181,1.0047
DOX,2022,141,0.9987
DOX,2023,90,0.9591
DOX,2024,72,0.9125
DOX,2025,80,0.9304
DPZ,2019,31,0.9588
DPZ,2020,26,0.8617
DPZ,2021,33,0.7889
DT,2016,29,1.0448
DT,2017,40,1.0366
DT,2018,25,1.0188
DT,2019,24,1.066
DT,2021,33,1.004
DT,2022,27,0.9797
DT,2023,22,1.03
DT,2024,22,0.9589
DUOL,2020,24,1.0788
DUOL,2021,21,1.1885
DUOL,2022,25,1.1961
DUOL,2023,33,1.1365
DUOL,2024,44,1.2249
DUOL,2025,44,1.2166
DV,2021,26,1.2918
DV,2022,37,1.2793
DV,2023,29,1.2492
DV,2025,31,1.216
DVA,2011,20,1.0569
DVA,2012,31,1.0372
DVA,2014,35,1.0175
DVA,2016,66,0.9868
DVA,2017,81,1.0127
DVA,2018,80,0.958
DVA,2019,74,0.9638
DVA,2020,116,0.8424
DVA,2021,94,0.8978
DVA,2022,88,0.8504
DVA,2023,81,0.8573
DVA,2024,60,0.8762
DVA,2025,72,0.878
DXCM,2017,25,1.1122
DXCM,2018,39,0.9737
DXCM,2019,50,0.9892
DXCM,2020,70,0.995
DXCM,2021,79,1.003
DXCM,2022,78,0.9895
DXCM,2023,65,1.0679
DXCM,2024,42,1.0653
DXCM,2025,49,1.1162
EBAY,2009,53,1.3418
EBAY,2010,253,1.32
EBAY,2011,486,1.3112
EBAY,2012,392,1.3211
EBAY,2013,587,1.3273
EBAY,2014,531,1.3645
EBAY,2015,194,1.3398
EBAY,2016,730,1.4731
EBAY,2017,722,1.4731
EBAY,2018,928,1.4287
EBAY,2019,702,1.4013
EBAY,2020,1369,1.3475
EBAY,2021,964,1.3251
EBAY,2022,1004,1.2664
EBAY,2023,970,1.3383
EBAY,2024,616,1.2623
EBAY,2025,607,1.2899
ECL,2010,23,1.2667
ECL,2011,35,1.2843
ECL,2012,35,1.2228
ECL,2013,28,1.1141
ECL,2014,44,0.9523
ECL,2016,57,0.8933
ECL,2017,80,0.8958
ECL,2018,89,1.0002
ECL,2019,55,0.8814
ECL,2020,54,0.9351
ECL,2021,64,0.8556
ECL,2022,26,0.8519
ECL,2023,35,1.0394
ECL,2024,38,0.9033
ECL,2025,31,0.8917
EFX,2011,37,1.0331
EFX,2012,33,1.0173
EFX,2013,38,1.1509
EFX,2014,33,1.1312
EFX,2017,135,0.938
EFX,2018,189,0.9213
EFX,2019,163,0.9024
EFX,2020,256,0.8923
EFX,2021,327,0.9159
EFX,2022,380,0.914
EFX,2023,250,0.9345
EFX,2024,264,0.915
EFX,2025,233,0.9075
EGAN,2021,24,1.2186
EL,2010,21,1.2309
ELV,2022,500,0.865
ELV,2023,608,0.9183
ELV,2024,639,1.0424
ELV,2025,507,1.0215
EMN,2013,27,1.109
EMN,2014,32,0.8952
EMN,2016,41,1.0734
EMN,2017,37,0.9861
EMN,2018,34,0.9573
EMN,2019,28,1.1069
EMN,2020,33,0.9863
EMN,2021,41,0.9414
EMN,2022,28,0.9659
EMN,2024,22,0.9938
EMR,2011,20,1.0469
ENPH,2022,32,1.0341
ENPH,2023,23,0.9875
ENPH,2025,20,1.0829
ENTG,2020,34,1.0546
ENTG,2021,42,1.0891
ENTG,2022,53,0.9771
ENTG,2023,30,1.0435
ENTG,2024,49,0.9703
ENTG,2025,48,0.9613
EOG,2017,34,0.9908
EOG,2019,31,1.2327
EOG,2020,23,1.0068
EOG,2021,39,1.1478
EOG,2022,26,1.2156
EOG,2023,20,1.1273
EOG,2024,48,1.0458
EOG,2025,29,1.027
EPAM,2010,49,0.9974
EPAM,2011,63,0.9873
EPAM,2012,96,0.9552
EPAM,2013,75,0.9526
EPAM,2014,112,1.0131
EPAM,2015,34,0.976
EPAM,2016,214,1.1031
EPAM,2017,250,1.0842
EPAM,2018,478,1.0566
EPAM,2019,555,1.0701
EPAM,2020,549,1.0865
EPAM,2021,408,1.1081
EPAM,2022,368,1.0752
EPAM,2023,231,0.9185
EPAM,2024,164,0.9357
EPAM,2025,103,0.8848
EQIX,2010,23,1.4769
EQIX,2011,20,1.3821
EQIX,2014,24,1.4671
EQIX,2016,33,1.3772
EQIX,2017,53,1.3832
EQIX,2018,100,1.3419
EQIX,2019,105,1.262
EQIX,2020,173,1.2525
EQIX,2021,237,1.0626
EQIX,2022,117,1.0433
EQIX,2023,129,1.1464
EQIX,2024,154,1.0754
EQIX,2025,102,1.1828
ERIE,2022,30,0.7462
ERIE,2025,21,0.831
ETN,2010,40,0.9641
ETN,2011,39,0.8985
ETN,2012,38,0.969
ETN,2013,35,1.0187
ETN,2014,35,0.9719
ETN,2016,30,0.9397
ETN,2017,38,0.9815
ETN,2018,46,0.9384
ETN,2019,59,1.0852
ETN,2020,62,1.0991
ETN,2021,88,1.0679
ETN,2022,77,1.0303
ETN,2023,81,0.9768
ETN,2024,114,1.0658
ETN,2025,131,0.9303
ETSY,2016,58,1.2713
ETSY,2017,33,1.1791
ETSY,2018,25,1.2834
ETSY,2019,34,1.2856
ETSY,2020,49,1.3664
ETSY,2021,84,1.265
ETSY,2022,57,1.3516
ETSY,2023,32,1.452
ETSY,2024,48,1.2787
ETSY,2025,40,1.3056
EVER,2019,31,0.8947
EVER,2020,36,0.8392
EVER,2021,20,0.8836
EVER,2022,23,0.9978
EVH,2016,36,1.1407
EVH,2017,36,1.0551
EVH,2018,48,1.0963
EVH,2019,58,0.9645
EVH,2020,24,0.9543
EVH,2021,23,0.9109
EVH,2022,24,0.9372
EW,2011,24,1.9192
EW,2013,24,1.6674
EW,2014,20,1.5598
EW,2017,27,1.4683
EW,2019,31,1.2151
EW,2020,42,1.2087
EW,2021,72,1.3326
EW,2022,83,1.1758
EW,2023,58,1.0355
EW,2024,73,1.0365
EW,2025,81,0.9572
EXEL,2020,33,1.5089
EXEL,2021,33,1.6599
EXEL,2022,35,1.5869
EXEL,2023,23,1.5499
EXEL,2024,31,1.7097
EXEL,2025,32,1.5787
EXPD,2017,24,0.9244
EXPD,2018,35,0.9855
EXPD,2019,21,1.0164
EXPD,2021,35,0.991
EXPE,2010,131,1.0634
EXPE,2011,150,1.0616
EXPE,2012,137,1.1355
EXPE,2013,174,1.1187
EXPE,2014,217,1.0671
EXPE,2015,40,1.0378
EXPE,2016,344,1.1172
EXPE,2017,364,1.0748
EXPE,2018,494,1.0216
EXPE,2019,509,1.0555
EXPE,2020,607,1.0414
EXPE,2021,689,0.9483
EXPE,2022,731,0.9831
EXPE,2023,328,1.0733
EXPE,2024,456,0.9992
EXPE,2025,508,1.0164
EXTR,2017,36,1.2148
EXTR,2018,60,1.2483
EXTR,2019,43,1.2177
EXTR,2020,41,1.1673
EXTR,2021,25,0.9987
EXTR,2022,30,0.9231
EXTR,2023,26,1.1711
EXTR,2024,24,1.1314
EXTR,2025,29,1.0739
EYE,2019,25,1.1051
F,2010,26,1.0931
F,2011,28,1.0613
F,2012,31,1.0065
F,2013,43,1.0241
F,2014,47,1.0531
F,2015,23,1.0028
F,2016,193,0.9407
F,2017,269,0.8951
F,2018,266,0.8689
F,2019,394,0.8649
F,2020,539,0.8537
F,2021,977,0.8139
F,2022,890,0.8209
F,2023,715,0.8834
F,2024,897,0.9547
F,2025,908,0.9785
FCX,2013,23,1.0966
FDS,2010,41,0.8956
FDS,2011,45,0.8977
FDS,2012,64,0.856
FDS,2013,90,0.8842
FDS,2014,93,0.9377
FDS,2016,200,1.0115
FDS,2017,183,0.9423
FDS,2018,171,0.983
FDS,2019,181,0.9642
FDS,2020,186,0.9737
FDS,2021,85,0.9392
FDS,2022,91,1.0215
FDS,2023,45,1.1832
FDS,2024,26,0.9493
FDS,2025,51,1.0647
FDXF,2021,29,0.8887
FDXF,2022,22,0.8622
FDXF,2025,88,0.9637
FFIV,2022,246,1.2615
FFIV,2023,183,1.1984
FFIV,2024,128,1.2848
FFIV,2025,162,1.26
FICO,2013,20,1.104
FICO,2014,32,1.1701
FICO,2016,38,1.1435
FICO,2017,54,1.1155
FICO,2018,95,1.0689
FICO,2019,55,1.0775
FICO,2020,53,1.0313
FICO,2021,60,1.1318
FICO,2022,29,1.0655
FICO,2023,21,1.1714
FICO,2024,20,1.0426
FICO,2025,25,1.0287
FIG,2021,25,1.1582
FIG,2022,41,1.3938
FIG,2023,34,1.4581
FIG,2024,31,1.4732
FIG,2025,57,1.4003
FIVE,2022,20,1.1348
FIVN,2020,24,1.2982
FIVN,2021,20,1.3332
FIVN,2022,25,1.2291
FLNC,2021,30,1.0493
FLNC,2022,23,1.0363
FLNC,2024,43,1.1267
FLNC,2025,23,1.1198
FMC,2012,24,1.5874
FMC,2020,22,1.0658
FMC,2021,25,1.06
FMCC,2009,38,1.0648
FMCC,2010,128,1.0442
FMCC,2011,126,0.9961
FMCC,2012,164,0.9023
FMCC,2013,126,0.9055
FMCC,2014,119,0.9901
FMCC,2016,123,0.9128
FMCC,2017,98,0.9782
FMCC,2018,144,0.9651
FMCC,2019,122,0.9307
FMCC,2020,107,1.0064
FMCC,2021,185,0.9962
FMCC,2022,179,1.0187
FMCC,2023,114,1.0276
FMCC,2024,143,1.0156
FMCC,2025,161,0.9473
FOA,2021,21,0.9717
FORM,2019,25,1.0775
FORM,2020,36,1.0331
FORM,2021,26,1.1572
FORM,2022,28,1.0071
FORM,2023,30,1.0021
FORM,2024,22,1.1369
FORM,2025,25,1.0562
FRNM,2023,20,1.5088
FROG,2019,21,1.1728
FROG,2022,22,1.2187
FRSH,2024,26,1.1314
FRSH,2025,24,1.036
FSLR,2011,28,0.9508
FSLR,2016,24,0.9192
FSLR,2023,26,0.7954
FSLR,2024,36,0.7969
FSLR,2025,55,0.7479
FTI,2019,23,1.3606
FTNT,2011,31,1.1404
FTNT,2012,28,1.2003
FTNT,2013,38,1.2135
FTNT,2014,38,1.2508
FTNT,2016,106,1.2767
FTNT,2017,82,1.125
FTNT,2018,109,1.1653
FTNT,2019,114,1.1249
FTNT,2020,187,1.0638
FTNT,2021,205,1.0658
FTNT,2022,207,1.0553
FTNT,2023,144,1.1757
FTNT,2024,158,1.1944
FTNT,2025,198,1.1728
FTRE,2024,24,0.8482
FTRE,2025,20,0.9274
FUBO,2021,24,1.4071
FUSE,2018,21,0.9643
FUSE,2019,29,0.8961
G,2011,51,0.8627
G,2012,76,0.9522
G,2013,111,0.9703
G,2014,197,0.9703
G,2015,27,0.9914
G,2016,314,0.9588
G,2017,420,0.9731
G,2018,269,0.9949
G,2019,415,0.9368
G,2020,557,0.9075
G,2021,704,0.8623
G,2022,192,0.9116
G,2023,215,1.0103
G,2024,273,0.9586
G,2025,222,0.9879
GAP,2010,57,1.0817
GAP,2011,44,1.1164
GAP,2012,53,1.647
GAP,2013,83,1.2378
GAP,2014,68,1.1618
GAP,2015,33,1.1104
GAP,2016,133,1.2667
GAP,2017,138,1.2228
GAP,2018,147,1.2165
GAP,2019,144,1.2793
GAP,2020,154,1.2672
GAP,2021,201,1.2221
GAP,2022,189,1.2517
GAP,2023,171,1.294
GAP,2024,129,1.324
GAP,2025,84,1.2379
GDOT,2012,20,1.1805
GDOT,2017,34,1.1751
GDOT,2018,37,1.1356
GDOT,2019,36,1.0997
GDOT,2020,38,1.1035
GDOT,2021,38,1.2153
GDOT,2022,38,1.0259
GDOT,2024,29,1.0197
GDRX,2021,39,1.0726
GDRX,2022,34,0.9452
GDRX,2023,21,1.4258
GDRX,2024,20,1.44
GDYN,2023,33,0.9926
GDYN,2024,30,1.1005
GDYN,2025,38,1.0023
GE,2011,47,1.0543
GE,2012,56,1.2119
GE,2013,58,1.1368
GE,2014,34,1.058
GE,2015,31,1.3174
GE,2016,266,1.388
GE,2017,295,1.2274
GE,2018,250,1.2021
GE,2019,196,1.209
GE,2020,86,1.1168
GE,2021,88,1.0952
GE,2022,67,1.0785
GE,2023,68,1.1873
GE,2024,47,1.0583
GE,2025,26,1.1495
GEF,2020,21,0.907
GEN,2023,61,1.2401
GEN,2024,33,1.2166
GEN,2025,55,1.1946
GH,2018,22,1.5752
GH,2019,26,1.488
GH,2020,69,1.3382
GH,2021,98,1.2484
GH,2022,76,1.2559
GH,2023,44,1.3251
GH,2024,50,1.2109
GH,2025,35,1.2148
GILD,2010,30,1.3451
GILD,2011,43,1.5286
GILD,2012,40,1.127
GILD,2013,67,1.1919
GILD,2014,54,1.2062
GILD,2015,20,1.1863
GILD,2016,128,1.2746
GILD,2017,114,1.2147
GILD,2018,106,1.1069
GILD,2019,158,1.104
GILD,2020,348,1.1173
GILD,2021,279,1.0596
GILD,2022,266,1.006
GILD,2023,200,1.1898
GILD,2024,266,1.0871
GILD,2025,254,1.123
GIS,2011,21,1.035
GIS,2012,21,1.0765
GIS,2013,20,0.9864
GIS,2016,29,0.9662
GIS,2017,25,1.0224
GIS,2019,22,0.9862
GIS,2020,30,1.0229
GIS,2021,27,0.9128
GIS,2022,37,0.9916
GIS,2023,24,1.0024
GIS,2024,22,0.9301
GIS,2025,20,0.9004
GM,2010,93,1.1963
GM,2011,110,1.1857
GM,2012,55,1.1991
GM,2013,112,1.1447
GM,2014,91,1.1723
GM,2015,57,1.0282
GM,2016,293,1.1248
GM,2017,425,1.1142
GM,2018,458,1.0567
GM,2019,412,1.1312
GM,2020,815,1.0394
GM,2021,948,1.0013
GM,2022,787,1.0284
GM,2023,495,1.0595
GM,2024,773,1.0717
GM,2025,766,1.1378
GME,2021,33,1.0452
GME,2022,34,1.0296
GME,2025,27,1.0091
GMED,2024,20,0.8697
GMED,2025,23,0.9107
GOGO,2016,20,1.0926
GOGO,2017,42,0.9754
GOGO,2018,30,0.9377
GOGO,2019,27,1.1142
GOOGL,2009,136,1.2526
GOOGL,2010,951,1.2729
GOOGL,2011,1323,1.4702
GOOGL,2012,1645,1.4314
GOOGL,2013,2099,1.404
GOOGL,2014,2736,1.3975
GOOGL,2015,589,1.3059
GOOGL,2016,4842,1.4204
GOOGL,2017,4874,1.3798
GOOGL,2018,7147,1.3761
GOOGL,2019,10475,1.3683
GOOGL,2020,10856,1.3417
GOOGL,2021,15374,1.331
GOOGL,2022,13256,1.336
GOOGL,2023,9284,1.3309
GOOGL,2024,9154,1.3266
GOOGL,2025,8170,1.3031
GPC,2018,20,1.209
GPC,2019,25,1.0723
GPC,2020,37,0.9849
GPC,2021,24,0.9782
GPC,2022,59,0.9445
GPC,2023,65,0.9528
GPC,2024,55,0.9162
GPC,2025,78,0.9163
GPN,2024,28,0.9446
GPN,2025,28,0.8979
GPRO,2016,40,1.4309
GPRO,2017,42,1.3726
GPRO,2018,29,1.3553
GPRO,2019,40,1.2838
GPRO,2020,36,1.1564
GRAL,2021,42,1.5363
GRAL,2022,51,1.6896
GRAL,2023,24,1.4706
GRAL,2024,22,1.3157
GRAL,2025,20,1.3502
GRPN,2011,61,1.1559
GRPN,2012,130,1.1313
GRPN,2013,135,1.1025
GRPN,2014,136,1.1135
GRPN,2015,56,1.0482
GRPN,2016,143,1.1887
GRPN,2017,207,1.1894
GRPN,2018,216,1.1241
GRPN,2019,231,1.0905
GRPN,2020,95,0.9563
GRPN,2021,80,0.9282
GRPN,2022,135,0.9018
GRPN,2023,56,0.9057
GS,2009,115,1.2363
GS,2010,586,1.515
GS,2011,554,1.4545
GS,2012,472,1.3349
GS,2013,683,1.2684
GS,2014,681,1.2044
GS,2015,109,1.2936
GS,2016,775,1.2531
GS,2017,849,1.2018
GS,2018,884,1.1993
GS,2019,1041,1.1776
GS,2020,1239,1.202
GS,2021,2242,1.1356
GS,2022,1538,1.0703
GS,2023,1489,1.0183
GS,2024,1195,1.052
GS,2025,1244,0.9359
GTM,2020,55,1.1454
GTM,2021,97,1.1543
GTM,2022,130,1.0751
GTM,2023,44,1.092
GTM,2024,70,1.1687
GTM,2025,62,1.0925
GWRE,2011,26,1.1589
GWRE,2012,21,1.2006
GWRE,2013,25,1.1876
GWRE,2014,24,1.2394
GWRE,2016,77,1.3462
GWRE,2017,116,1.3324
GWRE,2018,123,1.1486
GWRE,2019,111,1.1205
GWRE,2020,171,1.1269
GWRE,2021,145,1.0975
GWRE,2022,150,1.0505
GWRE,2023,66,1.1016
GWRE,2024,91,1.0909
GWRE,2025,81,1.0805
GWW,2011,23,1.2531
GWW,2016,26,0.9673
GWW,2019,28,1.0602
GWW,2020,21,0.9791
GWW,2021,20,1.0371
GWW,2022,33,1.0486
GWW,2024,30,1.0459
GWW,2025,31,1.0212
GXXM,2021,26,0.7706
GXXM,2022,30,0.7524
HCAT,2022,33,0.8351
HCAT,2023,23,0.7362
HCAT,2025,21,0.7538
HCKT,2016,45,1.1587
HCKT,2017,39,1.2801
HCKT,2018,25,1.1731
HCKT,2019,21,1.1448
HCKT,2020,29,1.067
HCKT,2021,20,1.072
HD,2010,21,1.011
HD,2012,20,1.1631
HD,2013,45,1.1049
HD,2014,32,1.1625
HD,2015,25,1.0824
HD,2016,145,1.1128
HD,2018,36,1.122
HD,2019,35,0.9109
HD,2020,67,1.0122
HD,2021,81,1.006
HD,2022,52,0.8785
HD,2023,37,0.8352
HD,2024,65,0.8148
HD,2025,32,0.917
HLI,2017,28,0.8903
HLI,2018,28,1.0128
HLI,2019,22,0.8966
HLI,2020,37,0.8222
HLI,2021,108,0.9704
HLI,2022,35,1.0223
HLI,2023,31,1.0164
HLI,2024,32,1.0724
HLIT,2012,20,1.1491
HLT,2011,24,1.0399
HLT,2012,21,1.0074
HNGE,2021,27,1.385
HNGE,2022,27,1.3849
HNGE,2024,20,1.268
HNGE,2025,34,1.2743
HNI,2018,22,1.0962
HNI,2019,23,1.1544
HNI,2020,29,1.0362
HNI,2021,22,1.0331
HON,2010,61,1.07
HON,2011,61,1.1068
HON,2012,64,1.0735
HON,2013,56,1.043
HON,2014,65,1.0886
HON,2016,116,1.1462
HON,2017,157,1.1504
HON,2018,146,1.0183
HON,2019,185,1.0484
HON,2020,227,1.023
HON,2021,249,1.0767
HON,2022,224,1.0831
HON,2023,141,1.1342
HON,2024,192,1.1058
HON,2025,192,1.0922
HOOD,2018,31,1.269
HOOD,2019,56,1.2075
HOOD,2020,145,1.2942
HOOD,2021,323,1.2961
HOOD,2022,182,1.2085
HOOD,2023,163,1.3969
HOOD,2024,177,1.4069
HOOD,2025,170,1.3201
HPE,2015,135,1.1734
HPE,2016,257,1.2328
HPE,2017,163,1.1581
HPE,2018,229,1.2226
HPE,2019,274,1.144
HPE,2020,539,1.2138
HPE,2021,763,1.262
HPE,2022,560,1.243
HPE,2023,598,1.277
HPE,2024,586,1.2204
HPE,2025,499,1.1122
HPQ,2016,92,1.2317
HPQ,2017,103,1.1617
HPQ,2018,110,1.0818
HPQ,2019,148,1.0555
HPQ,2020,205,1.14
HPQ,2021,232,1.0719
HPQ,2022,192,0.9389
HPQ,2023,202,0.9801
HPQ,2024,206,0.9613
HPQ,2025,186,0.963
HQY,2023,28,1.1321
HQY,2025,22,1.5385
HSTM,2017,28,0.9043
HSTM,2020,28,0.8314
HSTM,2021,38,0.8377
HSTM,2022,42,0.8283
HSTM,2024,26,0.6951
HSTM,2025,30,0.7789
HTFL,2018,26,1.1416
HTHIY,2019,21,0.8894
HTHIY,2021,28,0.9409
HUBG,2025,21,0.8815
HUBS,2016,20,1.2879
HUBS,2018,20,1.0204
HUBS,2019,31,1.1199
HUBS,2020,47,1.0743
HUBS,2021,91,1.2441
HUBS,2022,153,1.248
HUBS,2023,88,1.308
HUBS,2024,148,1.205
HUBS,2025,153,1.1809
HUM,2010,45,0.8416
HUM,2011,65,0.8898
HUM,2012,47,0.8082
HUM,2013,57,0.7973
HUM,2014,41,0.8368
HUM,2016,51,0.8212
HUM,2017,55,0.8246
HUM,2018,57,0.8286
HUM,2019,56,0.8456
HUM,2020,154,1.0518
HUM,2021,336,1.1124
HUM,2022,318,1.072
HUM,2023,270,1.0906
HUM,2024,265,1.041
HUM,2025,300,1.0062
HYLN,2020,23,0.9733
HYLN,2021,23,0.951
IBKR,2022,23,1.1595
IBKR,2024,26,1.2695
IBKR,2025,26,1.1534
IBM,2019,701,1.0839
IBM,2020,3426,1.0141
IBM,2021,2798,0.988
IBM,2022,1754,0.9572
IBM,2023,353,0.9566
IBM,2024,108,0.9046
IBTA,2021,30,1.0498
ICE,2014,23,0.9532
ICE,2016,64,1.0194
ICE,2017,77,0.9173
ICE,2018,87,0.95
ICE,2019,93,0.9866
ICE,2020,195,0.9135
ICE,2021,283,0.8223
ICE,2022,310,0.8631
ICE,2023,213,0.9147
ICE,2024,219,0.8857
ICE,2025,251,0.9015
IFF,2021,45,1.0013
IFF,2024,23,1.0363
IFF,2025,29,0.9997
IFNNY,2016,33,1.1848
IFNNY,2017,31,1.1815
IFNNY,2018,34,1.1051
IFNNY,2019,36,0.9743
IFNNY,2020,40,0.967
IFNNY,2021,67,1.0983
IFNNY,2022,54,1.039
IFNNY,2023,42,1.1193
IFNNY,2024,41,1.0066
IFNNY,2025,65,1.1432
ILMN,2011,31,1.1326
ILMN,2012,30,1.1538
ILMN,2013,37,1.1415
ILMN,2014,35,1.1275
ILMN,2016,98,1.103
ILMN,2017,149,1.137
ILMN,2018,165,1.046
ILMN,2019,183,0.9985
ILMN,2020,168,1.072
ILMN,2021,209,1.057
ILMN,2022,275,1.0616
ILMN,2023,152,1.0804
ILMN,2024,131,1.0929
ILMN,2025,129,1.0883
INCY,2016,23,1.3042
INCY,2017,29,1.2368
INCY,2018,40,1.2474
INCY,2019,23,1.4751
INCY,2020,44,1.2752
INCY,2021,50,1.2032
INCY,2022,45,1.2077
INCY,2023,35,1.1316
INCY,2024,28,1.1423
INCY,2025,44,1.2644
INFY,2011,3244,1.0911
INFY,2012,20204,1.017
INFY,2013,28462,1.0449
INFY,2014,20344,1.0422
INFY,2015,2835,1.0629
INFY,2016,26269,1.039
INFY,2017,19216,1.0111
INFY,2018,10960,1.0232
INFY,2019,21559,0.9572
INFY,2020,8786,0.8849
INFY,2021,8107,0.851
INFY,2022,9312,0.8284
INFY,2023,7322,0.8398
INFY,2024,5629,0.8549
INFY,2025,5746,0.8114
INGM,2013,28,1.2862
INGM,2016,28,1.1679
INGM,2017,27,1.1799
INGM,2018,49,1.2398
INGM,2019,27,1.2167
INGM,2020,77,0.9782
INGM,2021,63,0.9724
INGM,2022,59,0.9436
INGM,2023,52,1.1078
INGM,2024,90,1.0426
INGM,2025,64,1.0492
INSM,2025,23,1.3193
INTC,2009,134,1.1089
INTC,2010,1289,0.9553
INTC,2011,1890,0.9808
INTC,2012,1402,0.978
INTC,2013,1870,0.9671
INTC,2014,2037,0.9689
INTC,2015,359,0.8961
INTC,2016,1621,0.9708
INTC,2017,1524,0.9524
INTC,2018,1359,0.9471
INTC,2019,1564,0.9377
INTC,2020,2322,0.8977
INTC,2021,5497,0.8834
INTC,2022,5734,0.8833
INTC,2023,3295,0.9128
INTC,2024,3564,0.9304
INTC,2025,2630,0.9367
INTU,2009,31,1.2701
INTU,2010,106,1.2953
INTU,2011,125,1.2865
INTU,2012,137,1.2919
INTU,2013,234,1.2971
INTU,2014,162,1.293
INTU,2015,63,1.1709
INTU,2016,354,1.2748
INTU,2017,375,1.2483
INTU,2018,431,1.2211
INTU,2019,568,1.1927
INTU,2020,906,1.1732
INTU,2021,1084,1.1146
INTU,2022,930,1.1267
INTU,2023,516,1.1467
INTU,2024,634,1.2018
INTU,2025,650,1.2665
IOT,2022,86,1.0623
IOT,2023,55,1.1052
IOT,2024,56,1.0316
IOT,2025,70,1.0171
IQV,2018,306,0.9655
IQV,2019,176,1.0253
IQV,2020,229,1.0085
IQV,2021,407,0.9656
IQV,2022,291,1.0365
IQV,2023,262,1.0197
IQV,2024,303,1.0205
IQV,2025,172,1.0718
IR,2010,35,0.9798
IR,2011,20,0.997
IR,2012,22,0.9856
IR,2013,25,1.0747
IR,2014,29,1.1514
IR,2016,56,1.1478
IR,2017,60,1.0685
IR,2018,53,1.0205
IR,2019,43,0.9601
ISRG,2021,21,1.0352
IT,2010,27,1.1172
IT,2011,31,1.1668
IT,2012,28,1.2148
IT,2013,22,1.0587
IT,2014,32,1.2456
IT,2016,59,1.2043
IT,2017,74,1.2245
IT,2018,120,1.0648
IT,2019,125,1.0294
IT,2020,99,1.0803
IT,2021,106,1.0601
IT,2022,88,1.094
IT,2023,52,1.0881
IT,2024,48,1.1199
IT,2025,50,1.0483
ITRI,2010,22,0.8995
ITRI,2011,36,1.0
ITRI,2012,28,1.0143
ITRI,2013,25,0.8949
ITRI,2016,21,0.9932
ITRI,2017,25,0.8555
ITRI,2018,41,0.9697
ITRI,2019,63,0.9324
ITRI,2020,38,1.0814
ITRI,2021,54,0.8991
ITRI,2022,64,0.9554
ITRI,2023,41,0.952
ITRI,2024,30,1.0017
ITRI,2025,58,0.9604
ITW,2018,29,0.7591
ITW,2019,22,0.796
ITW,2020,34,0.8831
ITW,2021,31,0.7789
ITW,2022,23,0.7245
ITW,2024,30,0.8043
ITW,2025,25,0.7548
JAZZ,2019,28,1.4561
JAZZ,2020,42,1.2971
JAZZ,2021,28,1.3259
JAZZ,2022,32,1.3492
JAZZ,2023,23,1.2773
JAZZ,2024,29,1.1207
JAZZ,2025,23,1.2316
JBL,2018,59,0.9683
JBL,2019,86,1.0053
JBL,2020,70,0.9142
JBL,2021,58,0.9592
JBL,2022,80,0.9222
JBL,2023,32,0.9176
JBL,2024,37,0.8861
JBL,2025,50,0.914
JBLU,2013,27,1.1996
JBLU,2017,22,1.2092
JBLU,2018,26,1.1977
JBLU,2019,26,1.1669
JBLU,2020,26,1.001
JBLU,2021,30,0.9325
JBLU,2022,51,1.0085
JBLU,2023,28,1.0705
JBLU,2024,22,1.0836
JBLU,2025,33,1.0555
JLL,2016,36,0.8912
JLL,2017,28,0.9486
JLL,2018,44,0.9384
JLL,2019,52,0.9014
JLL,2020,57,1.0047
JLL,2021,58,0.9934
JLL,2022,75,0.9448
JLL,2023,60,1.0282
JLL,2024,63,0.9953
JLL,2025,61,0.9791
JPM,2009,129,1.1747
JPM,2010,793,1.2104
JPM,2011,640,1.2221
JPM,2012,961,1.171
JPM,2013,1284,1.1595
JPM,2014,1127,1.183
JPM,2015,273,1.1086
JPM,2016,1625,1.2027
JPM,2017,1727,1.1917
JPM,2018,1793,1.1838
JPM,2019,1990,1.1541
JPM,2020,3411,1.127
JPM,2021,3873,1.1487
JPM,2022,4919,1.1523
JPM,2023,3341,1.1939
JPM,2024,3576,1.1463
JPM,2025,3307,1.1543
KBR,2010,93,1.2736
KBR,2011,108,1.2003
KBR,2012,113,1.2956
KBR,2013,94,1.2313
KBR,2014,91,1.1729
KBR,2016,56,1.2296
KBR,2017,36,1.1119
KBR,2018,47,1.3235
KBR,2019,32,1.1676
KBR,2020,39,1.0921
KBR,2021,53,1.1774
KD,2022,36,0.9679
KD,2023,21,1.2125
KD,2024,40,1.2685
KD,2025,30,1.182
KELYA,2011,45,1.0476
KELYA,2012,60,1.1009
KELYA,2013,65,1.1186
KELYA,2014,71,1.1003
KELYA,2016,114,1.1122
KELYA,2017,103,1.0665
KELYA,2018,133,1.0577
KELYA,2019,159,1.0371
KELYA,2020,160,1.0638
KELYA,2021,143,1.0155
KELYA,2022,106,1.0767
KELYA,2023,98,1.0406
KELYA,2024,79,1.048
KELYA,2025,84,1.0146
KEYS,2016,41,1.2041
KEYS,2017,52,0.9964
KEYS,2018,99,1.0332
KEYS,2019,109,0.9789
KEYS,2020,150,0.9753
KEYS,2021,143,0.9298
KEYS,2022,131,0.9491
KEYS,2023,114,1.0117
KEYS,2024,72,1.0207
KEYS,2025,86,1.0171
KFRC,2010,26,0.7473
KFRC,2011,141,0.8553
KFRC,2012,279,0.8511
KFRC,2013,248,0.8067
KFRC,2014,275,0.8243
KFRC,2015,39,0.7483
KFRC,2016,319,0.788
KFRC,2017,1049,0.816
KFRC,2018,1407,0.9113
KFRC,2019,629,0.8683
KFRC,2020,1279,0.8594
KFRC,2021,1458,0.8649
KFRC,2022,896,0.8548
KFRC,2023,747,0.8773
KFRC,2024,690,0.8446
KFRC,2025,741,0.8615
KFY,2020,24,0.835
KFY,2021,20,1.1291
KLAC,2019,26,1.1725
KLAC,2020,326,1.0861
KLAC,2021,236,1.119
KLAC,2022,350,1.1657
KLAC,2023,186,1.175
KLAC,2024,224,1.177
KLAC,2025,325,1.1738
KMB,2012,21,0.9372
KMB,2022,37,0.9423
KMB,2023,25,0.814
KMB,2024,22,0.9417
KMB,2025,31,0.825
KMT,2019,20,1.0697
KO,2019,22,1.0483
KO,2021,30,0.9492
KO,2022,23,0.8884
KO,2024,29,1.2553
KR,2020,35,1.0982
KR,2021,33,1.1199
KR,2022,101,1.0409
KR,2023,54,1.0686
KR,2024,62,1.0201
KR,2025,69,1.0054
KSS,2025,28,1.1007
KVYO,2021,31,1.1914
KVYO,2022,34,1.136
KVYO,2023,32,1.0638
KVYO,2024,25,0.987
KVYO,2025,49,1.0995
LAUR,2011,32,1.1481
LAUR,2012,24,1.1532
LAUR,2013,20,1.0043
LAUR,2014,20,1.1008
LAUR,2016,30,1.1998
LAUR,2017,27,1.135
LAUR,2018,38,1.054
LAUR,2019,30,1.0502
LAUR,2020,31,1.0951
LCID,2020,91,1.2727
LCID,2021,429,1.2313
LCID,2022,465,1.2373
LCID,2023,461,1.2267
LCID,2024,552,1.242
LCID,2025,628,1.1599
LDOS,2016,21,0.9807
LDOS,2018,20,1.0343
LDOS,2019,66,1.0626
LDOS,2020,94,0.996
LDOS,2021,75,0.9882
LDOS,2022,81,1.0037
LDOS,2023,70,1.0266
LDOS,2024,58,0.9499
LDOS,2025,62,0.9636
LEA,2017,23,0.981
LEA,2018,23,0.996
LEA,2019,30,1.0239
LEA,2020,27,0.9864
LEA,2021,45,0.9396
LEA,2022,36,0.9497
LEA,2023,30,1.0086
LEA,2024,25,0.901
LEA,2025,35,0.9472
LEGN,2025,27,1.1422
LEVI,2016,23,1.3646
LEVI,2017,20,1.3547
LEVI,2018,54,1.281
LEVI,2019,30,1.2187
LEVI,2020,60,1.1032
LEVI,2021,109,1.1646
LEVI,2022,96,1.1444
LEVI,2023,52,1.1527
LEVI,2024,51,1.2355
LEVI,2025,35,1.1812
LIF,2020,25,1.5039
LIF,2021,26,1.316
LIF,2022,33,1.3063
LIF,2024,22,1.413
LIF,2025,20,1.3406
LIFE,2021,27,1.1316
LIFE,2022,29,1.2846
LII,2016,24,1.0514
LII,2017,39,1.0377
LII,2018,35,0.9548
LII,2019,41,0.9476
LII,2020,64,0.9642
LII,2021,45,0.9517
LII,2022,59,0.9193
LII,2023,41,0.9728
LII,2024,49,0.9275
LII,2025,42,0.9268
LIME,2018,26,1.2305
LIME,2019,58,1.2108
LIME,2020,46,1.15
LIME,2021,34,1.2046
LIME,2022,40,1.1793
LIME,2024,23,1.266
LIN,2020,28,0.9812
LIN,2021,29,1.0595
LIN,2022,31,0.9661
LNC,2013,21,1.0821
LNC,2016,24,1.1329
LNC,2017,27,1.0622
LNC,2018,44,1.064
LNC,2019,40,1.0204
LNC,2020,51,0.9402
LNC,2021,66,0.9429
LNC,2022,62,0.8673
LNC,2023,42,0.9048
LNC,2024,66,0.866
LNC,2025,36,0.9088
LNG,2016,22,1.8023
LNG,2017,27,2.0018
LNG,2018,28,1.7772
LNG,2019,34,1.6559
LNG,2020,25,1.7165
LNG,2021,27,1.5532
LOGC,2017,42,1.2552
LOGC,2018,64,1.2232
LOGC,2019,81,1.3339
LPLA,2013,39,0.9802
LPLA,2014,23,0.9511
LPLA,2016,37,1.0964
LPLA,2017,21,1.0861
LPLA,2018,43,1.0638
LPLA,2019,61,1.0092
LPLA,2020,62,0.9913
LPLA,2021,103,0.9623
LPLA,2022,126,0.9129
LPLA,2023,143,1.0059
LPLA,2024,98,1.0154
LPLA,2025,100,1.1219
LRCX,2010,48,1.2603
LRCX,2011,54,1.2585
LRCX,2012,23,1.3265
LRCX,2013,62,1.3133
LRCX,2014,79,1.2769
LRCX,2016,138,1.3257
LRCX,2017,145,1.2648
LRCX,2018,193,1.2115
LRCX,2019,157,1.1239
LRCX,2020,231,1.121
LRCX,2021,313,1.1445
LRCX,2022,228,1.0429
LRCX,2023,168,1.1078
LRCX,2024,252,1.0867
LRCX,2025,233,1.0941
LRN,2021,32,1.1337
LSEGY,2017,37,1.054
LSEGY,2018,22,0.8271
LSEGY,2020,35,1.0217
LSEGY,2022,32,1.0113
LSEGY,2023,31,1.0089
LSEGY,2024,30,0.9625
LSEGY,2025,39,1.0996
LUV,2018,31,1.0352
LUV,2019,51,1.0307
LUV,2021,75,0.9991
LUV,2022,174,1.0226
LUV,2023,83,1.0363
LUV,2024,116,1.0525
LUV,2025,101,1.0459
LYFT,2016,79,1.5752
LYFT,2017,148,1.5749
LYFT,2018,292,1.5593
LYFT,2019,429,1.5242
LYFT,2020,406,1.4782
LYFT,2021,342,1.4285
LYFT,2022,360,1.4055
LYFT,2023,79,1.1381
LYFT,2024,119,1.0712
LYFT,2025,125,1.0574
LZ,2020,29,1.1161
LZ,2021,23,1.2828
LZ,2022,34,1.3742
LZ,2023,20,1.4235
MANH,2010,112,0.8194
MANH,2011,165,0.9071
MANH,2012,96,0.9699
MANH,2013,46,0.9624
MANH,2014,76,0.9804
MANH,2016,100,0.8152
MANH,2017,87,0.8106
MANH,2018,103,0.745
MANH,2019,68,0.6873
MANH,2020,148,0.637
MANH,2021,196,0.6523
MANH,2022,138,0.6443
MANH,2023,108,0.9636
MANH,2024,99,0.9518
MANH,2025,104,1.0032
MC,2018,26,1.1891
MC,2019,37,1.1875
MC,2020,20,1.0747
MC,2022,38,1.2881
MC,2023,22,1.2122
MC,2024,59,1.1789
MC,2025,60,1.1313
MCHP,2010,57,0.822
MCHP,2011,51,0.7862
MCHP,2012,54,0.8244
MCHP,2013,71,0.8419
MCHP,2014,78,0.8073
MCHP,2016,75,0.7321
MCHP,2017,115,0.8082
MCHP,2018,125,0.7541
MCHP,2019,154,0.7702
MCHP,2020,181,0.7801
MCHP,2021,164,0.7247
MCHP,2022,170,0.793
MCHP,2023,142,0.815
MCHP,2024,125,0.7415
MCHP,2025,163,0.7309
MCK,2010,55,1.055
MCK,2011,77,1.001
MCK,2012,97,0.9987
MCK,2013,81,1.0099
MCK,2014,76,1.0849
MCK,2016,91,1.1614
MCK,2017,102,1.1275
MCK,2018,205,1.0692
MCK,2019,181,1.0097
MCK,2020,178,1.0394
MCK,2021,220,1.0128
MCK,2022,141,1.1045
MCK,2023,82,1.0898
MCK,2024,150,1.108
MCK,2025,125,1.1054
MDB,2018,23,1.2902
MDB,2019,45,1.1707
MDB,2020,47,1.1455
MDB,2021,91,1.2784
MDB,2022,124,1.3847
MDB,2023,131,1.3032
MDB,2024,153,1.2703
MDB,2025,160,1.3249
MDT,2009,25,1.0761
MDT,2010,146,1.0559
MDT,2011,132,1.0795
MDT,2012,137,1.1372
MDT,2013,143,1.0889
MDT,2014,138,1.0962
MDT,2015,26,1.1086
MDT,2016,210,1.1327
MDT,2017,291,1.0303
MDT,2018,356,0.9599
MDT,2019,289,0.9658
MDT,2020,355,0.9418
MDT,2021,468,0.9294
MDT,2022,423,0.9332
MDT,2023,315,0.9598
MDT,2024,376,0.9447
MDT,2025,327,0.9817
MEDP,2020,25,0.8647
MEDP,2021,27,0.7762
MEDP,2022,31,0.9221
MEDP,2024,21,0.8703
MEDP,2025,27,0.8999
MET,2010,38,1.0079
MET,2011,49,1.0873
MET,2012,36,1.169
MET,2013,47,1.1175
MET,2014,51,1.1324
MET,2015,28,0.9809
MET,2016,53,0.9538
MET,2017,85,1.0088
MET,2018,96,0.9485
MET,2019,95,0.9995
MET,2020,95,0.984
MET,2021,129,0.9452
MET,2022,218,0.9537
MET,2023,92,0.971
MET,2024,121,0.99
MET,2025,146,0.9388
META,2009,20,1.3099
META,2010,125,1.3145
META,2011,248,1.3198
META,2012,339,1.3373
META,2013,574,1.3707
META,2014,657,1.5013
META,2015,197,1.4129
META,2016,1272,1.578
META,2017,1929,1.5733
META,2018,2986,1.5208
META,2019,3571,1.5417
META,2020,6486,1.487
META,2021,9132,1.4616
META,2022,6810,1.4467
META,2023,4043,1.4968
META,2024,6732,1.4868
META,2025,5821,1.4151
MGNI,2021,23,1.0239
MGNI,2022,20,1.0776
MGNI,2024,24,1.1263
MH,2020,46,1.1578
MH,2021,33,1.1365
MH,2022,40,1.1074
MH,2023,20,1.1157
MH,2024,20,1.1865
MH,2025,26,1.1728
MHK,2018,25,1.0709
MHK,2019,43,1.1872
MHK,2020,64,1.1572
MHK,2021,85,1.0776
MHK,2022,66,1.1045
MHK,2023,41,1.0056
MHK,2024,24,0.9878
MHK,2025,28,0.9081
MKTX,2020,30,1.2022
MKTX,2021,22,1.182
MKTX,2022,24,1.374
MKTX,2024,23,1.1931
MKTX,2025,20,1.3289
MMM,2010,36,1.1577
MMM,2011,25,1.1237
MMM,2012,34,1.0644
MMM,2013,46,1.1681
MMM,2014,40,1.1427
MMM,2016,40,1.1668
MMM,2017,27,1.1787
MMM,2018,33,1.1472
MMM,2019,33,1.0021
MMM,2020,32,1.1018
MMM,2021,48,1.1318
MMM,2022,43,1.0895
MMM,2023,28,1.1519
MMM,2024,23,1.5565
MMS,2017,28,1.0943
MMS,2018,36,1.0382
MMS,2019,44,1.0323
MMS,2020,55,1.0565
MMS,2021,45,1.0164
MMS,2022,61,1.0106
MMS,2023,39,0.9527
MMS,2024,37,0.9936
MMS,2025,37,0.9828
MOH,2010,27,1.125
MOH,2017,21,1.3044
MOH,2020,66,1.1065
MOH,2021,58,1.0641
MOH,2022,42,1.1323
MOH,2023,47,1.1657
MOH,2024,51,1.1444
MOH,2025,49,1.1095
MORN,2010,62,0.7839
MORN,2011,47,0.8512
MORN,2016,70,1.024
MORN,2017,61,0.9388
MORN,2018,86,0.9375
MORN,2019,92,0.8648
MORN,2020,52,0.8556
MORN,2021,83,0.8868
MORN,2022,61,0.8666
MORN,2023,68,0.7904
MORN,2024,51,0.8419
MORN,2025,31,0.8666
MPC,2019,32,1.1592
MPWR,2021,22,1.0494
MPWR,2025,24,1.0605
MQ,2019,30,1.1286
MQ,2020,55,1.1209
MQ,2021,140,1.2016
MQ,2022,111,1.3427
MQ,2023,39,1.3155
MQ,2024,82,1.3319
MQ,2025,42,1.251
MRCY,2011,20,0.7619
MRCY,2012,20,0.8562
MRCY,2013,43,1.031
MRCY,2014,24,1.0081
MRCY,2016,97,0.9857
MRCY,2017,65,0.971
MRCY,2018,80,0.9584
MRCY,2019,101,0.8249
MRCY,2020,83,0.7261
MRCY,2021,30,0.7606
MRCY,2022,24,0.806
MRCY,2023,21,0.8609
MRK,2010,94,1.1481
MRK,2011,112,1.1276
MRK,2012,62,1.0255
MRNA,2019,24,1.5185
MRNA,2020,76,1.2421
MRNA,2021,58,1.229
MS,2009,76,1.3268
MS,2010,453,1.2904
MS,2011,453,1.3379
MS,2012,307,1.2897
MS,2013,391,1.3541
MS,2014,440,1.2631
MS,2015,39,1.4082
MS,2016,153,1.3821
MS,2017,193,1.4418
MS,2018,229,1.4577
MS,2019,217,1.353
MS,2020,202,1.4238
MS,2021,228,1.438
MS,2022,170,1.5176
MS,2023,164,1.4405
MS,2024,234,1.3618
MS,2025,199,1.3522
MSCI,2011,68,0.8422
MSCI,2012,48,0.9663
MSCI,2013,32,0.8956
MSCI,2014,32,0.8488
MSCI,2016,43,0.9934
MSCI,2017,96,0.9165
MSCI,2018,60,0.9323
MSCI,2019,58,0.8947
MSCI,2020,152,0.9363
MSCI,2021,226,0.9014
MSCI,2022,95,0.7834
MSCI,2023,131,0.8952
MSCI,2024,86,0.9073
MSCI,2025,92,0.962
MSFT,2009,1805,1.05
MSFT,2010,3407,1.0477
MSFT,2011,4265,1.1236
MSFT,2012,3845,1.1955
MSFT,2013,3597,1.2232
MSFT,2014,3079,1.2532
MSFT,2015,1319,1.2996
MSFT,2016,5216,1.4023
MSFT,2017,4875,1.3718
MSFT,2018,6177,1.3709
MSFT,2019,6132,1.3229
MSFT,2020,8886,1.247
MSFT,2021,10845,1.2629
MSFT,2022,12977,1.2588
MSFT,2023,7605,1.3104
MSFT,2024,10482,1.2573
MSFT,2025,8130,1.2688
MSI,2011,161,0.8985
MSI,2012,197,0.8611
MSI,2013,161,0.8612
MSI,2014,128,0.9065
MSI,2015,21,0.875
MSI,2016,98,0.8178
MSI,2017,129,0.8719
MSI,2018,190,0.8137
MSI,2019,157,0.7731
MSI,2020,210,0.7828
MSI,2021,215,0.808
MSI,2022,200,0.8343
MSI,2023,133,0.8518
MSI,2024,125,0.8366
MSI,2025,182,0.8188
MT,2009,23,0.8289
MT,2011,22,1.0734
MT,2012,43,0.8552
MT,2018,22,0.9122
MTB,2021,77,0.9208
MTB,2022,134,0.8548
MTB,2023,84,0.9354
MTB,2024,117,0.9378
MTB,2025,112,0.8526
MTCH,2018,30,1.2662
MTCH,2019,56,1.2778
MTCH,2020,75,1.2389
MTCH,2021,68,1.3958
MTCH,2022,107,1.2852
MTCH,2023,45,1.3487
MTCH,2024,61,1.1956
MTCH,2025,29,1.1224
MTSI,2017,27,1.1279
MTSI,2018,26,1.0256
MU,2009,32,0.9981
MU,2010,226,1.004
MU,2011,400,1.0275
MU,2012,298,1.0428
MU,2013,205,0.9715
MU,2014,208,1.064
MU,2015,45,1.02
MU,2016,353,1.045
MU,2017,349,1.0453
MU,2018,397,1.0653
MU,2019,488,1.1039
MU,2020,659,1.075
MU,2021,898,1.0051
MU,2022,626,1.0378
MU,2023,312,1.0323
MU,2024,472,1.0786
MU,2025,513,1.0839
MXL,2010,49,0.9045
MXL,2011,29,0.9562
MXL,2012,27,1.0512
MXL,2013,25,1.1216
MXL,2014,48,1.1062
MXL,2016,46,1.1354
MXL,2017,49,1.2005
MXL,2018,32,1.0687
MXL,2019,49,1.026
MXL,2020,33,1.1516
MXL,2021,73,1.074
MXL,2022,54,1.1007
MXL,2023,35,1.0591
MXL,2024,21,1.1105
MXL,2025,23,1.1079
NAVN,2023,43,1.2504
NAVN,2024,34,1.1821
NAVN,2025,46,1.2074
NDAQ,2021,25,1.1454
NDAQ,2022,22,1.2089
NET,2017,43,1.3159
NET,2018,43,1.3007
NET,2019,57,1.21
NET,2020,102,1.1134
NET,2021,113,1.1924
NET,2022,126,1.2002
NET,2023,87,1.2166
NET,2024,132,1.1806
NET,2025,114,1.1207
NFLX,2011,36,1.7287
NFLX,2012,37,1.4424
NFLX,2013,89,1.7046
NFLX,2014,74,2.3854
NFLX,2015,45,1.5379
NFLX,2016,160,1.6787
NFLX,2017,147,1.5592
NFLX,2018,267,1.4348
NFLX,2019,250,2.0056
NFLX,2020,374,3.4324
NFLX,2021,421,1.4821
NFLX,2022,311,1.4257
NFLX,2023,224,1.6928
NFLX,2024,323,1.7064
NFLX,2025,334,1.6082
NIO,2018,112,1.3634
NIO,2019,99,1.2894
NIO,2020,26,1.3679
NIO,2021,29,1.3462
NIO,2022,41,1.4392
NIO,2023,27,1.4565
NKE,2010,43,1.26
NKE,2011,65,1.3693
NKE,2012,54,1.3389
NKE,2013,76,1.2951
NKE,2014,82,1.2817
NKE,2015,32,1.1777
NKE,2016,143,1.2468
NKE,2017,200,1.231
NKE,2018,254,1.164
NKE,2019,257,1.1574
NKE,2020,371,1.1304
NKE,2021,738,1.1053
NKE,2022,586,1.1881
NKE,2023,280,1.2398
NKE,2024,361,1.2166
NKE,2025,288,1.2028
NMR,2016,24,1.0867
NMR,2018,24,0.9885
NMR,2019,20,0.9629
NMR,2020,28,1.074
NMR,2021,26,0.9834
NMR,2022,26,1.0371
NMR,2024,84,0.9631
NMR,2025,91,0.981
NOK,2009,26,1.1464
NOK,2010,122,1.2302
NOK,2011,93,1.1991
NOK,2012,88,1.266
NOK,2013,66,1.2088
NOK,2014,64,1.2203
NOK,2016,21,1.6945
NOK,2017,20,1.3962
NOW,2013,47,1.1276
NOW,2014,77,1.0913
NOW,2015,27,1.0814
NOW,2016,153,1.1912
NOW,2017,199,1.1366
NOW,2018,259,1.1372
NOW,2019,371,1.1256
NOW,2020,504,1.0862
NOW,2021,762,1.0694
NOW,2022,969,1.0872
NOW,2023,803,1.0816
NOW,2024,975,1.0705
NOW,2025,816,1.0851
NRDS,2016,23,1.6138
NRDS,2017,23,1.5826
NRDS,2018,27,1.49
NRDS,2019,23,1.4597
NRDS,2020,66,1.2808
NRDS,2021,27,1.2943
NRDS,2022,49,1.257
NRDS,2023,24,1.4856
NRG,2013,28,1.1947
NRG,2014,32,1.1235
NRG,2016,41,1.2516
NRG,2017,37,1.1079
NRG,2018,26,1.1217
NRG,2019,22,0.9557
NRG,2022,24,0.9678
NRG,2023,23,1.0292
NRG,2025,37,0.9583
NRIX,2022,22,1.6363
NSC,2022,24,0.9916
NTAP,2010,152,1.0554
NTAP,2011,234,1.0648
NTAP,2012,297,1.043
NTAP,2013,286,1.0177
NTAP,2014,204,1.0995
NTAP,2015,57,1.0997
NTAP,2016,231,1.0761
NTAP,2017,285,1.123
NTAP,2018,254,1.069
NTAP,2019,200,1.1489
NTAP,2020,252,1.0771
NTAP,2021,269,1.0597
NTAP,2022,261,1.1533
NTAP,2023,135,1.2081
NTAP,2024,173,1.1716
NTAP,2025,175,1.0717
NTCT,2016,27,1.0786
NTCT,2017,23,0.9995
NTCT,2018,30,0.9975
NTCT,2019,28,1.0261
NTCT,2021,57,0.8877
NTCT,2022,27,0.9346
NTCT,2024,40,0.7624
NTGR,2013,23,1.2569
NTGR,2016,31,1.3824
NTGR,2018,29,1.2599
NTLA,2019,25,1.1323
NTLA,2022,50,1.294
NTLA,2023,60,1.3838
NTLA,2024,37,1.3937
NTNX,2013,40,1.451
NTNX,2014,32,1.4614
NTNX,2016,118,1.2377
NTNX,2017,106,1.346
NTNX,2018,210,1.4422
NTNX,2019,205,1.2254
NTNX,2020,290,1.1225
NTNX,2021,291,1.095
NTNX,2022,452,1.0853
NTNX,2023,272,1.2718
NTNX,2024,181,1.2295
NTNX,2025,245,1.2408
NTRA,2018,20,1.2768
NTRA,2019,20,1.3835
NTRA,2020,69,1.3451
NTRA,2021,87,1.4937
NTRA,2022,59,1.1838
NTRA,2023,48,1.0928
NTRA,2024,75,1.092
NTRA,2025,76,1.041
NTRS,2011,29,0.8302
NTRS,2013,21,1.1689
NTRS,2014,26,1.0041
NTRS,2016,41,1.0949
NTRS,2017,23,1.1567
NTRS,2018,46,1.1801
NTRS,2019,51,1.136
NTRS,2020,121,1.1032
NTRS,2021,469,0.8167
NTRS,2022,102,1.045
NTRS,2023,122,1.1214
NTRS,2024,218,1.0494
NTRS,2025,151,1.019
NTSK,2016,27,1.4782
NTSK,2017,23,1.4153
NTSK,2018,47,1.4258
NTSK,2019,66,1.2938
NTSK,2020,63,1.2623
NTSK,2021,161,1.2918
NTSK,2022,107,1.274
NTSK,2023,42,1.3535
NTSK,2024,73,1.3184
NTSK,2025,37,1.2056
NVAX,2021,39,1.1178
NVAX,2023,22,1.6295
NVDA,2010,113,1.2222
NVDA,2011,224,1.2131
NVDA,2012,147,1.1325
NVDA,2013,231,1.109
NVDA,2014,128,1.161
NVDA,2015,49,1.1407
NVDA,2016,289,1.2893
NVDA,2017,299,1.2498
NVDA,2018,477,1.2447
NVDA,2019,338,1.2009
NVDA,2020,693,1.2335
NVDA,2021,951,1.2206
NVDA,2022,1104,1.2005
NVDA,2023,1038,1.258
NVDA,2024,1455,1.2663
NVDA,2025,1966,1.2519
NVST,2020,25,1.0922
NVST,2022,20,0.906
NWL,2017,21,1.2471
NXDR,2020,40,1.0548
NXDR,2021,46,1.2089
NXDR,2022,51,1.3508
NXDR,2023,49,1.4004
NXDR,2024,34,1.3931
NXDR,2025,37,1.4173
NYT,2011,20,1.2221
NYT,2013,27,1.3747
NYT,2014,23,1.4351
NYT,2016,31,1.3887
NYT,2017,31,1.2379
NYT,2018,37,1.3646
NYT,2019,44,1.2839
NYT,2020,46,1.2731
NYT,2021,44,1.1808
NYT,2022,47,1.1845
NYT,2023,24,1.199
NYT,2024,29,1.1767
NYT,2025,40,1.1649
OKTA,2014,22,1.0925
OKTA,2016,49,1.284
OKTA,2017,71,1.4171
OKTA,2018,84,1.4143
OKTA,2019,119,1.2649
OKTA,2020,164,1.2401
OKTA,2021,211,1.1439
OKTA,2022,191,1.1322
OKTA,2023,106,1.1353
OKTA,2024,140,1.1288
OKTA,2025,112,1.1231
OMCL,2010,33,1.1849
OMCL,2012,43,1.1378
OMCL,2013,26,1.1795
OMCL,2016,36,1.1213
OMCL,2017,20,1.0555
OMCL,2019,30,1.0241
OMCL,2020,28,0.9847
OMCL,2021,55,1.005
OMCL,2022,62,0.994
OMCL,2023,26,1.0221
OMCL,2025,26,1.0115
ON,2010,38,0.9026
ON,2011,32,1.2519
ON,2012,23,0.9086
ON,2013,31,0.8513
ON,2014,40,0.8861
ON,2017,66,0.8872
ON,2018,109,0.9162
ON,2019,26,0.9273
ONC,2025,25,1.4226
ONTO,2021,20,0.9584
ONTO,2024,25,0.8977
OOMA,2018,24,1.0422
OOMA,2021,33,0.9947
ORCL,2009,166,1.0859
ORCL,2010,1296,0.9906
ORCL,2011,1420,1.0458
ORCL,2012,1478,1.1422
ORCL,2013,1676,1.0909
ORCL,2014,809,1.1583
ORCL,2015,156,1.138
ORCL,2016,833,1.1786
ORCL,2017,824,1.1534
ORCL,2018,827,1.117
ORCL,2019,992,1.1027
ORCL,2020,1130,1.0353
ORCL,2021,1351,1.0003
ORCL,2022,1284,0.9718
ORCL,2023,942,1.0397
ORCL,2024,1016,1.0425
ORCL,2025,1078,1.0315
OTEX,2010,42,1.1133
OTEX,2011,41,1.1057
OTEX,2012,35,1.1604
OTEX,2013,37,1.0951
OTEX,2014,32,0.9473
OTEX,2016,47,1.1156
OTEX,2017,25,1.149
OTEX,2018,38,1.0741
OTEX,2019,46,1.1035
OTEX,2020,64,1.0267
OTEX,2021,55,1.0913
OTEX,2022,45,1.1077
OTEX,2025,20,0.9783
OZK,2021,21,0.9033
OZK,2025,26,0.8656
PACB,2022,24,1.3458
PACB,2023,24,1.3256
PACB,2024,23,1.3172
PANW,2011,23,1.3153
PANW,2012,38,1.3769
PANW,2013,48,1.2773
PANW,2014,73,1.2361
PANW,2015,20,1.3528
PANW,2016,139,1.3195
PANW,2017,194,1.3714
PANW,2018,247,1.3309
PANW,2019,315,1.372
PANW,2020,485,1.3613
PANW,2021,667,1.2994
PANW,2022,467,1.3045
PANW,2023,328,1.3578
PANW,2024,533,1.3504
PANW,2025,544,1.3033
PATH,2019,34,1.1414
PATH,2021,58,1.1515
PATH,2022,54,1.0905
PATH,2023,33,1.099
PATH,2024,48,1.2741
PATH,2025,31,1.23
PAYX,2018,20,0.925
PCAR,2016,20,1.052
PCAR,2019,29,0.9788
PCAR,2020,43,0.9103
PCAR,2021,49,0.8949
PCAR,2022,70,0.8814
PCAR,2023,46,0.9039
PCAR,2024,90,0.8569
PCAR,2025,80,0.8768
PCOR,2019,21,1.0351
PCOR,2020,25,1.1252
PCOR,2021,75,1.1213
PCOR,2022,57,1.0929
PCOR,2023,43,1.1554
PCOR,2024,50,1.1756
PCOR,2025,26,1.2255
PCTY,2022,37,0.8485
PCTY,2023,20,0.951
PCTY,2024,26,1.0533
PCTY,2025,30,1.1515
PD,2022,23,1.38
PEGA,2010,82,1.2403
PEGA,2011,36,1.2437
PEGA,2012,44,1.2626
PEGA,2014,20,1.255
PEGA,2016,21,1.2256
PEGA,2018,21,1.1249
PEGA,2019,28,1.1258
PEGA,2020,51,1.0305
PEGA,2021,76,0.9709
PEGA,2022,73,1.0164
PEGA,2023,27,1.081
PEGA,2024,33,1.0543
PEGA,2025,42,1.05
PEN,2019,41,1.0118
PEN,2020,63,1.0517
PEN,2021,50,1.0247
PEN,2022,48,1.0145
PEN,2023,54,0.9773
PEN,2024,45,1.0328
PEN,2025,43,1.0093
PEP,2010,34,1.5781
PEP,2011,48,1.401
PEP,2012,43,1.3184
PEP,2013,34,1.4343
PEP,2014,33,1.3126
PEP,2016,41,1.3022
PEP,2017,40,1.3192
PEP,2018,39,1.3646
PEP,2019,56,1.3074
PEP,2020,44,1.1361
PEP,2021,88,1.07
PEP,2022,65,0.946
PEP,2023,63,1.0452
PEP,2024,48,1.1194
PEP,2025,52,0.9961
PFE,2010,136,1.3579
PFE,2011,98,1.301
PFE,2012,99,1.2644
PFE,2013,130,1.3056
PFE,2014,48,1.241
PFE,2016,61,1.1145
PFE,2017,71,1.1791
PFE,2018,98,1.1204
PFE,2019,98,1.0583
PFE,2020,72,1.0987
PFE,2021,127,1.0566
PFE,2022,61,0.9619
PFE,2023,60,1.0668
PFE,2024,88,1.0225
PFE,2025,77,1.002
PG,2011,21,1.2584
PGNY,2024,30,1.1211
PGNY,2025,20,1.0902
PH,2010,23,0.9466
PH,2011,38,0.9897
PH,2013,44,0.9749
PH,2014,35,0.9841
PH,2016,33,0.9936
PH,2017,26,0.934
PH,2018,23,0.8642
PH,2019,34,0.9359
PH,2020,26,0.8405
PH,2021,33,0.8574
PH,2022,33,0.8563
PH,2023,28,0.9047
PH,2024,28,0.8417
PH,2025,31,0.9593
PII,2023,21,1.0356
PINS,2014,22,1.0082
PINS,2015,21,1.1565
PINS,2016,138,1.2145
PINS,2017,100,1.2154
PINS,2018,237,1.1902
PINS,2019,165,1.2584
PINS,2020,255,1.2205
PINS,2021,254,1.1682
PINS,2022,333,1.2338
PINS,2023,239,1.1983
PINS,2024,334,1.1329
PINS,2025,362,1.1638
PJT,2018,21,1.3734
PJT,2019,21,1.0076
PJT,2020,41,0.9237
PJT,2021,73,0.8358
PJT,2022,56,0.9729
PJT,2023,80,1.1841
PJT,2024,85,1.0979
PJT,2025,82,1.0908
PLTR,2013,39,1.2705
PLTR,2014,58,1.2079
PLTR,2016,115,1.2658
PLTR,2017,73,1.3873
PLTR,2018,49,1.3657
PLTR,2019,49,1.4482
PLTR,2020,94,1.3473
PLTR,2021,78,1.3236
PLTR,2022,79,1.3362
PLTR,2023,72,1.2768
PLTR,2024,97,1.1997
PLTR,2025,113,1.1531
PNC,2010,35,1.0497
PNC,2011,60,1.0606
PNC,2012,42,1.0759
PNC,2013,33,1.228
PNC,2014,64,1.1322
PNC,2016,67,1.1515
PNC,2017,77,1.1018
PNC,2018,103,1.0029
PNC,2019,105,0.9903
PNC,2020,142,0.9698
PNC,2021,196,0.9109
PNC,2022,152,0.9661
PNC,2023,100,0.9758
PNC,2024,98,0.9299
PNC,2025,113,0.9545
PODD,2020,22,0.973
PODD,2021,70,0.8608
PODD,2022,34,1.0187
PODD,2023,22,0.9711
PODD,2024,52,1.0699
PODD,2025,55,1.1132
PONY,2018,37,1.5307
PONY,2019,64,1.4298
PONY,2020,62,1.372
PONY,2021,70,1.3846
PONY,2022,76,1.223
POWI,2017,21,1.1385
PPG,2020,36,0.9779
PPG,2021,29,1.0367
PPG,2022,28,1.0259
PPG,2023,26,0.9827
PPG,2024,26,0.9124
PPG,2025,24,0.9918
PRAA,2020,22,0.7859
PRAA,2021,23,0.8956
PRCT,2022,30,1.2228
PRCT,2023,25,1.1602
PRCT,2025,27,1.2245
PSNL,2020,21,1.6091
PSNL,2021,33,1.5453
PSNL,2022,34,1.4423
PSX,2012,29,1.2795
PSX,2016,21,1.0827
PSX,2020,25,1.2777
PSX,2021,37,1.2049
PTC,2010,55,0.96
PTC,2011,60,1.0224
PTC,2012,65,1.0061
PTC,2013,62,1.0245
PTC,2014,51,1.0717
PTC,2016,114,1.0183
PTC,2017,87,0.9694
PTC,2018,83,0.9215
PTC,2019,106,0.9644
PTC,2020,84,0.9518
PTC,2021,189,0.903
PTC,2022,95,1.0018
PTC,2023,73,1.0108
PTC,2024,68,1.0431
PTC,2025,54,0.9849
PTCT,2021,21,1.5396
PTCT,2022,36,1.0815
PTON,2019,49,1.3303
PTON,2020,102,1.3831
PTON,2021,128,1.393
PTON,2022,103,1.0977
PTON,2023,116,1.1764
PTON,2024,80,1.0104
PTON,2025,50,0.9704
PUBM,2019,38,1.0579
PUBM,2020,39,1.0068
PUBM,2021,40,0.9808
PUBM,2022,40,1.0365
PUBM,2024,25,1.0493
PUBM,2025,28,1.1087
PYPL,2009,53,1.3005
PYPL,2010,266,1.3206
PYPL,2011,337,1.3081
PYPL,2012,310,1.3833
PYPL,2013,346,1.3393
PYPL,2014,451,1.4091
PYPL,2015,173,1.3006
PYPL,2016,650,1.4958
PYPL,2017,592,1.4246
PYPL,2018,1102,1.3349
PYPL,2019,894,1.3367
PYPL,2020,1669,1.2453
PYPL,2021,1399,1.2259
PYPL,2022,1164,1.1917
PYPL,2023,805,1.1902
PYPL,2024,973,1.1794
PYPL,2025,1096,1.2112
QLYS,2011,21,1.2182
QLYS,2012,25,1.1102
QLYS,2016,33,1.1812
QLYS,2017,52,1.2653
QLYS,2018,48,1.1237
QLYS,2019,71,1.0948
QLYS,2020,81,1.0894
QLYS,2021,96,0.9849
QLYS,2022,74,1.0578
QLYS,2023,50,0.9531
QLYS,2024,62,0.9537
QLYS,2025,55,0.9444
QNST,2010,30,1.3349
QNST,2011,22,1.224
QNST,2013,26,1.2897
QNST,2016,33,1.3245
QNST,2021,37,1.09
QNST,2022,38,1.0853
QNST,2024,31,1.0569
QNST,2025,21,0.9586
QRVO,2017,75,0.9215
QRVO,2018,72,0.8984
QRVO,2019,90,0.8478
QRVO,2020,83,0.8452
QRVO,2021,162,0.7916
QRVO,2022,82,0.8385
QRVO,2023,48,0.9438
QRVO,2024,118,0.9648
QRVO,2025,77,0.9335
QSR,2021,21,0.7956
QVCG,2019,27,1.0097
QVCG,2020,32,0.958
QVCG,2022,66,1.0186
R,2011,23,1.0559
R,2016,24,1.0352
R,2018,27,0.938
R,2019,49,0.9679
R,2020,39,0.9447
R,2021,67,1.0266
R,2022,51,0.9357
R,2023,39,0.9963
R,2024,47,0.9731
R,2025,46,0.9371
RAMP,2019,31,1.3102
RAMP,2020,48,1.2598
RAMP,2021,67,1.3275
RAMP,2022,46,1.2433
RAMP,2023,23,1.3409
RAMP,2024,59,1.2779
RAMP,2025,45,1.1442
RBGLY,2010,24,1.1932
RBGLY,2011,28,1.1626
RBGLY,2012,27,1.1578
RBGLY,2013,21,1.0469
RBGLY,2014,31,1.078
RBGLY,2016,31,1.2065
RBGLY,2017,21,1.0986
RBLX,2017,32,1.3524
RBLX,2018,43,1.5128
RBLX,2019,69,1.5833
RBLX,2020,127,1.7107
RBLX,2021,114,1.849
RBLX,2022,188,1.8615
RBLX,2023,133,1.965
RBLX,2024,143,1.8134
RBLX,2025,237,1.8131
RBRK,2017,47,1.3982
RBRK,2018,51,1.5064
RBRK,2019,75,1.3907
RBRK,2020,129,1.2456
RBRK,2021,141,1.2714
RBRK,2022,132,1.269
RBRK,2023,81,1.2952
RBRK,2024,104,1.2121
RBRK,2025,143,1.2573
RCL,2022,25,0.8352
RCL,2024,21,0.9365
RCL,2025,33,0.8499
RCMT,2011,26,1.0182
RCMT,2012,25,1.0169
RCMT,2013,24,0.9306
RCMT,2017,31,0.9956
RCMT,2018,20,0.9151
RCMT,2020,21,0.8562
RCMT,2021,26,0.895
RCUS,2022,30,1.4087
RDDT,2019,32,1.5116
RDDT,2020,64,1.4934
RDDT,2021,100,1.671
RDDT,2022,91,1.5993
RDDT,2023,62,1.74
RDDT,2024,83,1.7306
RDDT,2025,94,1.7276
REGN,2010,53,1.3926
REGN,2011,44,1.4618
REGN,2013,47,1.4816
REGN,2014,46,1.4209
REGN,2016,49,1.468
REGN,2017,73,1.3775
REGN,2018,84,1.2863
REGN,2019,117,1.3098
REGN,2020,151,1.2842
REGN,2021,148,1.4163
REGN,2022,140,1.29
REGN,2023,135,1.3024
REGN,2024,136,1.3554
REGN,2025,144,1.2829
RELX,2021,48,0.8181
RELX,2022,28,0.845
RELX,2023,55,0.8813
RELX,2024,192,0.9343
RELX,2025,223,0.9521
RHI,2024,35,1.0827
RKT,2024,33,0.8544
RL,2012,28,1.372
RL,2013,35,1.1851
RL,2014,26,1.4786
RL,2016,32,1.2077
RL,2017,20,1.2484
RL,2020,24,1.2145
RL,2021,24,1.1478
RL,2022,66,1.1355
RL,2023,25,1.0042
RL,2024,32,1.3478
RL,2025,52,1.2244
RMBS,2016,31,1.2756
RMBS,2019,40,1.1773
RMBS,2024,21,1.0897
RMBS,2025,25,0.9236
RMD,2016,20,1.2864
RMD,2017,22,1.1282
RMD,2018,32,1.0533
RMD,2019,24,0.9505
RMD,2020,38,1.1241
RMD,2021,36,0.9436
RMD,2022,22,0.8615
RMD,2023,20,1.263
RNG,2014,20,1.3632
RNG,2016,39,1.359
RNG,2017,36,1.3304
RNG,2018,30,1.1955
RNG,2019,69,1.2535
RNG,2020,105,1.1046
RNG,2021,125,1.229
RNG,2022,97,1.2297
RNG,2023,49,1.5223
RNG,2024,58,1.3454
RNG,2025,66,1.3444
ROIV,2021,22,1.1138
ROK,2010,65,1.0181
ROK,2011,58,1.0083
ROK,2012,47,1.057
ROK,2013,73,1.0257
ROK,2014,78,0.9725
ROK,2016,71,0.9755
ROK,2017,80,0.8968
ROK,2018,85,0.9535
ROK,2019,67,0.9183
ROK,2020,88,0.8654
ROK,2021,91,0.9653
ROK,2022,88,0.995
ROK,2023,78,1.0583
ROK,2024,82,1.0713
ROK,2025,62,0.979
ROKU,2017,47,1.8725
ROKU,2018,61,1.7104
ROKU,2019,69,1.6247
ROKU,2020,173,1.4507
ROKU,2021,284,1.5198
ROKU,2022,214,1.5189
ROKU,2023,105,1.576
ROKU,2024,171,1.6313
ROKU,2025,81,1.5341
ROOT,2020,20,0.8884
RRX,2022,43,0.9356
RRX,2023,42,1.0853
RRX,2024,33,1.0326
RRX,2025,28,0.9201
RSG,2016,22,0.7745
RSG,2017,27,0.8822
RSG,2019,27,0.9009
RSG,2020,30,0.8744
RSG,2021,25,0.8723
RSG,2024,25,0.9619
RUN,2017,26,1.3977
RUN,2018,23,1.3065
RUN,2022,20,1.1976
RUN,2023,29,1.3657
RUN,2024,26,1.3265
RUN,2025,25,1.2601
RY,2024,21,1.358
RY,2025,31,1.0691
SABR,2010,39,0.9816
SABR,2011,44,0.966
SABR,2012,71,0.9807
SABR,2013,81,0.9547
SAIC,2010,36,1.0912
SAIC,2020,32,1.0291
SANA,2022,31,1.264
SANA,2024,21,1.4873
SAP,2009,40,1.226
SAP,2010,232,1.297
SAP,2011,236,1.3085
SAP,2012,201,1.3527
SAP,2013,227,1.3248
SAP,2014,193,1.3366
SAP,2015,39,1.3176
SAP,2016,341,1.33
SAP,2017,437,1.3298
SAP,2018,544,1.2732
SAP,2019,507,1.2272
SAP,2020,566,1.2816
SAP,2021,471,1.2799
SAP,2022,377,1.215
SAP,2023,362,1.3685
SAP,2024,315,1.3041
SAP,2025,407,1.2928
SCE-PM,2010,35,1.2519
SCE-PM,2011,27,1.3746
SCE-PM,2012,30,1.3482
SCE-PM,2013,27,1.3351
SCOR,2010,22,1.0264
SCOR,2011,34,1.0374
SCOR,2012,49,1.1443
SCOR,2013,58,0.9776
SCOR,2014,59,0.947
SCOR,2016,105,1.0039
SCOR,2017,102,0.9363
SCOR,2018,68,0.9455
SCOR,2019,85,0.9154
SCOR,2020,72,0.8342
SCOR,2021,63,0.8685
SCOR,2022,42,0.8404
SCOR,2023,39,0.8019
SCOR,2024,28,0.8599
SCOR,2025,28,0.8192
SDGR,2021,43,1.3166
SDGR,2023,23,1.5156
SDGR,2024,23,1.3132
SDGR,2025,30,1.2995
SEIC,2016,45,1.3887
SEIC,2017,38,1.1883
SEIC,2018,27,1.2059
SEIC,2019,56,1.1527
SEIC,2020,48,1.0039
SEIC,2021,32,1.0136
SEIC,2022,86,1.0621
SEIC,2023,41,1.1225
SEIC,2024,43,1.0563
SEIC,2025,70,1.075
SFIX,2018,34,1.3844
SFIX,2019,34,1.9114
SFIX,2020,42,1.7056
SFIX,2021,45,1.5521
SFIX,2022,44,1.7476
SFIX,2024,23,1.6289
SGMOQ,2021,23,1.3552
SHOP,2020,33,1.05
SHOP,2021,67,0.942
SHOP,2022,72,0.9729
SHOP,2024,60,1.0037
SHOP,2025,55,1.2079
SHW,2010,33,1.1343
SHW,2011,47,1.1822
SHW,2012,47,1.0295
SHW,2013,79,1.0991
SHW,2014,76,1.0751
SHW,2016,95,1.0578
SHW,2017,86,0.9793
SHW,2018,78,0.9855
SHW,2019,74,0.9416
SHW,2020,140,0.9003
SHW,2021,75,0.9086
SHW,2022,80,0.8778
SHW,2023,73,0.9171
SHW,2024,90,0.8959
SHW,2025,76,0.8686
SIRI,2020,20,1.2093
SLAB,2010,22,1.1685
SLAB,2013,34,1.0867
SLAB,2014,27,1.0877
SLAB,2016,63,0.9516
SLAB,2017,35,1.0021
SLAB,2018,55,0.9313
SLAB,2019,65,0.8981
SLAB,2020,63,0.8966
SLAB,2021,71,0.8898
SLAB,2022,56,0.8264
SLAB,2023,37,0.931
SLAB,2024,39,1.0813
SLAB,2025,28,1.0231
SMCI,2010,22,0.9069
SMCI,2011,28,0.9626
SMCI,2012,31,1.0295
SMCI,2013,26,0.908
SMCI,2014,25,0.9979
SMCI,2016,38,1.0013
SMCI,2017,47,1.0307
SMCI,2018,54,0.9802
SMCI,2019,50,0.9004
SMCI,2020,50,0.9167
SMCI,2021,32,1.1029
SMCI,2022,36,1.0685
SMCI,2023,30,1.0446
SMCI,2024,36,1.0781
SMCI,2025,33,1.1283
SMSI,2010,37,1.1639
SMSI,2011,23,1.0239
SNAP,2016,54,1.1315
SNAP,2017,186,1.0707
SNAP,2018,211,1.0955
SNAP,2019,250,1.2042
SNAP,2020,403,1.1057
SNAP,2021,561,1.0622
SNAP,2022,495,1.0631
SNAP,2023,359,1.1975
SNAP,2024,382,1.1701
SNAP,2025,385,1.2079
SNBRQ,2019,21,1.2528
SNBRQ,2021,32,1.1886
SNDK,2010,93,1.1515
SNDK,2011,102,1.2052
SNDK,2012,123,1.2289
SNDK,2013,166,1.2805
SNDK,2014,106,1.2428
SNDK,2015,52,1.1661
SNDK,2016,140,1.2517
SNEX,2021,37,0.7541
SNEX,2022,21,0.8049
SNEX,2023,28,0.7849
SNN,2016,34,1.0295
SNN,2017,47,0.9237
SNN,2018,45,0.9376
SNN,2019,23,0.9787
SNN,2020,73,0.9556
SNN,2021,102,0.9773
SNN,2022,97,0.9965
SNN,2023,56,1.0633
SNN,2024,48,0.9916
SNN,2025,71,1.0556
SNOW,2019,25,1.2424
SNOW,2020,216,1.1936
SNOW,2021,162,1.4205
SNOW,2022,336,1.4541
SNOW,2023,148,1.3565
SNOW,2024,365,1.3249
SNOW,2025,424,1.2563
SNPS,2010,53,1.1153
SNPS,2011,87,1.0856
SNPS,2012,88,1.0679
SNPS,2013,84,1.045
SNPS,2014,65,1.0189
SNPS,2016,135,1.067
SNPS,2017,199,1.0293
SNPS,2018,180,1.0417
SNPS,2019,210,1.0122
SNPS,2020,238,1.0035
SNPS,2021,310,0.9723
SNPS,2022,231,0.9985
SNPS,2023,152,1.0376
SNPS,2024,219,1.0855
SNPS,2025,198,1.0169
SNUS-PI,2017,28,1.0962
SNUS-PI,2018,32,0.9961
SNUS-PI,2024,25,0.9688
SNUS-PI,2025,25,0.9374
SONO,2014,24,1.3317
SONO,2016,33,1.091
SONO,2017,32,0.9679
SONO,2018,30,0.9512
SONO,2019,47,0.9866
SONO,2020,56,0.8529
SONO,2021,69,0.8772
SONO,2022,64,0.9506
SONO,2023,37,1.058
SONO,2024,67,0.9674
SONO,2025,41,0.9764
SPCX,2025,24,1.036
SPGI,2018,20,1.2859
SPGI,2019,37,1.2624
SPGI,2020,41,1.1652
SPGI,2021,67,1.0972
SPGI,2022,42,1.143
SPGI,2023,31,1.1791
SPGI,2024,21,1.1174
SPGI,2025,32,1.1896
SPWR,2012,26,1.2149
SPWR,2013,21,1.1938
SPWR,2014,23,1.1988
SPWR,2016,38,1.1047
SPWR,2017,44,1.0585
SPWR,2018,32,1.0903
SPWR,2019,26,1.0719
SPWR,2020,46,0.9614
SPWR,2021,68,0.9274
SRI,2021,24,0.9982
SRPT,2022,33,1.5195
SRPT,2025,38,1.1892
SSNC,2017,36,1.0158
SSNC,2018,33,1.0684
SSNC,2019,35,1.0066
SSNC,2020,32,0.9397
SSNC,2021,40,1.0117
SSNC,2022,45,1.0222
SSNC,2023,81,0.9653
SSNC,2024,65,0.9914
SSNC,2025,102,1.0056
SSTK,2016,28,1.116
SSTK,2017,20,1.3939
SSTK,2018,29,1.1659
SSTK,2019,32,1.0208
SSTK,2021,23,1.0335
SSTK,2022,27,1.0845
SSTK,2023,21,1.0806
ST,2016,29,1.0778
ST,2017,33,1.0832
ST,2018,29,1.0962
ST,2019,30,0.9657
ST,2020,34,0.9899
ST,2021,24,1.0299
ST,2022,33,0.9301
ST,2023,20,0.9674
ST,2024,31,1.0408
ST,2025,29,1.0352
STE,2019,21,0.8543
STE,2020,29,0.8489
STE,2021,26,0.8494
STE,2022,34,0.8571
STE,2024,28,0.8558
STE,2025,24,0.8612
STUB,2012,39,1.3878
STUB,2013,50,1.3075
STUB,2014,39,1.3584
STUB,2015,23,1.4122
STUB,2016,90,1.4564
STUB,2017,73,1.4732
STUB,2018,89,1.4495
STUB,2019,82,1.5084
STUB,2020,29,1.411
STUB,2022,31,1.6518
STUB,2024,25,1.5943
STUB,2025,47,1.6156
STZ,2020,20,0.9212
SWK,2011,31,0.9782
SWK,2012,29,1.0551
SWK,2013,33,1.0388
SWK,2016,53,0.9933
SWK,2017,58,0.9853
SWK,2018,58,1.0048
SWK,2019,72,1.0051
SWK,2020,82,1.004
SWK,2021,121,1.0096
SWK,2022,74,0.9764
SWK,2023,65,1.0704
SWK,2024,25,0.9756
SWK,2025,43,1.1113
SWKS,2010,39,1.0719
SWKS,2011,45,1.1177
SWKS,2012,32,1.0621
SWKS,2013,35,1.1833
SWKS,2014,54,1.1214
SWKS,2016,77,1.0299
SWKS,2017,92,1.0425
SWKS,2018,84,1.083
SWKS,2019,83,1.0548
SWKS,2020,110,0.9812
SWKS,2021,153,1.0124
SWKS,2022,82,1.011
SWKS,2023,86,0.9991
SWKS,2024,143,1.0391
SWKS,2025,128,0.9121
SWX,2021,22,0.8468
SYK,2018,43,1.0088
SYK,2019,67,0.9746
SYK,2020,89,0.9575
SYK,2021,82,0.9202
SYK,2022,96,0.9618
SYK,2023,70,0.9864
SYK,2024,87,1.0728
SYK,2025,91,1.0364
SYM,2020,23,1.1868
SYM,2021,24,0.9558
SYM,2022,40,1.1343
SYM,2023,39,1.1154
SYM,2024,48,1.0832
SYM,2025,64,1.0803
SYNA,2014,33,1.1306
SYNA,2016,30,1.2773
SYNA,2017,55,1.2367
SYNA,2018,46,1.1467
SYNA,2019,44,1.1514
SYNA,2020,31,0.9901
SYNA,2021,40,1.0964
SYNA,2022,34,1.1076
SYNA,2023,23,1.0054
SYNA,2025,27,1.1765
SYY,2012,21,0.9746
T,2012,20,1.3974
TAP,2020,25,0.8804
TDOC,2020,29,1.262
TDOC,2021,291,0.9457
TDOC,2022,255,0.9744
TDOC,2023,94,1.0185
TDOC,2024,86,0.9589
TDOC,2025,92,0.9853
TDUP,2021,26,1.3142
TEAM,2016,37,1.2079
TEAM,2017,78,1.322
TEAM,2018,99,1.2856
TEAM,2019,156,1.2612
TEAM,2020,224,1.1919
TEAM,2021,255,1.1488
TEAM,2022,370,1.1766
TEAM,2023,162,1.3289
TEAM,2024,215,1.271
TEAM,2025,368,1.3161
TEL,2017,59,0.9534
TEL,2018,68,0.9791
TEL,2019,66,0.9126
TEL,2020,89,0.9716
TEL,2021,102,0.9116
TEL,2022,117,0.8989
TEL,2023,98,0.9518
TEL,2024,71,0.9786
TEL,2025,94,1.1855
TEM,2024,65,1.1321
TEM,2025,76,1.2271
TER,2017,21,0.9536
TER,2018,24,1.031
TER,2019,25,0.8623
TER,2020,45,0.9481
TER,2021,35,1.0729
TER,2022,22,1.0144
TER,2023,24,1.0561
TER,2024,34,1.1131
TER,2025,26,1.1373
TEX,2011,23,1.1052
THRM,2018,25,0.8845
THRM,2020,26,1.0121
THRM,2021,23,0.9988
THRY,2020,20,0.9612
THRY,2022,26,0.9043
THRY,2025,22,0.9362
TMO,2010,24,1.2473
TMO,2011,28,1.1744
TMO,2012,23,1.0592
TMO,2013,28,1.1754
TMO,2014,23,1.1694
TMO,2016,41,0.936
TMO,2017,73,0.9704
TMO,2018,82,0.9806
TMO,2019,226,0.932
TMO,2020,360,0.9666
TMO,2021,400,0.9799
TMO,2022,371,0.92
TMO,2023,215,0.9386
TMO,2024,239,1.024
TMO,2025,250,0.952
TMUS,2009,22,0.9579
TMUS,2010,222,0.9804
TMUS,2011,238,1.0115
TMUS,2012,179,1.0326
TMUS,2013,204,1.0094
TMUS,2014,143,1.0571
TMUS,2015,66,1.0658
TMUS,2016,372,1.1507
TMUS,2017,435,1.2144
TMUS,2018,448,1.165
TMUS,2019,493,1.2032
TMUS,2020,672,1.1399
TMUS,2021,908,1.0981
TMUS,2022,740,1.1015
TMUS,2023,453,1.1302
TMUS,2024,521,1.0906
TMUS,2025,522,1.1178
TNET,2018,71,1.1803
TNET,2019,86,1.1322
TNET,2020,164,1.0796
TNET,2021,101,1.0632
TNET,2022,109,1.1907
TNET,2023,43,1.1499
TNET,2024,71,1.1333
TNET,2025,67,1.125
TOST,2021,58,1.132
TOST,2022,65,1.187
TOST,2023,46,1.3569
TOST,2024,27,1.3237
TOST,2025,26,1.2464
TPR,2018,23,1.628
TPR,2019,32,0.9866
TPR,2020,33,0.9921
TPR,2021,47,0.9691
TPR,2022,57,0.9342
TPR,2024,28,1.0332
TPR,2025,34,0.973
TREE,2020,82,0.92
TREE,2021,76,0.8561
TREE,2022,31,1.0054
TREE,2023,25,0.9359
TREE,2025,26,0.9809
TRIP,2013,44,1.0795
TRIP,2014,44,1.0755
TRIP,2016,57,1.1059
TRIP,2017,76,1.1301
TRIP,2018,97,1.1031
TRIP,2019,126,1.0581
TRIP,2020,67,1.0264
TRIP,2021,67,1.0202
TRIP,2022,48,1.2554
TRIP,2023,26,1.1699
TRIP,2024,22,1.164
TRIP,2025,32,1.0502
TRMB,2017,46,1.1041
TRMB,2018,50,0.9797
TRMB,2019,35,0.8781
TRMB,2020,50,0.9784
TRMB,2021,57,0.9648
TRMB,2022,64,0.9557
TRMB,2023,42,1.1081
TRMB,2024,68,1.0075
TRMB,2025,54,0.9295
TRU,2011,20,0.9263
TRU,2012,28,0.9052
TRU,2013,41,0.8264
TRU,2014,36,0.8033
TRU,2016,89,0.7652
TRU,2017,121,0.8069
TRU,2018,172,0.8226
TRU,2019,237,0.7933
TRU,2020,197,0.8072
TRU,2021,242,0.8013
TRU,2022,270,0.8123
TRU,2023,161,0.8283
TRU,2024,135,0.844
TRU,2025,136,0.8587
TSLA,2017,885,1.2668
TSLA,2018,1095,1.2183
TSLA,2019,898,1.2168
TSLA,2020,1182,1.2444
TSLA,2021,1449,1.1923
TSLA,2022,1487,1.1947
TSLA,2023,1327,1.2247
TSLA,2024,2466,1.2426
TSLA,2025,2707,1.2419
TSN,2022,38,0.8545
TSN,2023,24,0.7595
TSN,2024,28,0.8783
TSN,2025,40,0.8556
TSPH,2017,21,0.9297
TSPH,2018,53,1.0856
TSPH,2019,59,1.1373
TSPH,2020,114,0.8835
TSPH,2021,296,0.787
TSPH,2022,226,0.7949
TSPH,2023,242,0.8209
TT,2020,28,1.0117
TT,2021,46,0.9349
TT,2022,44,0.916
TT,2023,32,1.0385
TT,2024,47,1.0156
TT,2025,46,0.9679
TTAN,2017,25,1.0287
TTAN,2020,43,1.0972
TTAN,2021,74,1.2215
TTAN,2022,90,1.1724
TTAN,2023,32,1.3242
TTAN,2024,56,1.3055
TTAN,2025,53,1.2442
TTD,2020,25,0.9185
TTD,2021,44,1.2211
TTD,2022,52,1.1337
TTD,2023,44,1.1251
TTD,2024,52,1.1579
TTD,2025,58,1.1506
TTEK,2020,24,0.9692
TTWO,2012,20,1.1802
TTWO,2014,26,1.0141
TW,2016,30,1.2083
TW,2017,34,1.2071
TW,2018,50,1.2135
TW,2019,51,1.2601
TW,2020,75,1.264
TW,2021,70,1.1905
TW,2022,57,1.2778
TW,2023,44,1.323
TW,2024,62,1.2267
TW,2025,57,1.1881
TWLO,2014,23,1.3801
TWLO,2016,55,1.3256
TWLO,2017,75,1.4029
TWLO,2018,79,1.466
TWLO,2019,176,1.4243
TWLO,2020,272,1.3674
TWLO,2021,382,1.3569
TWLO,2022,373,1.3787
TWLO,2023,214,1.3729
TWLO,2024,178,1.3778
TWLO,2025,177,1.3254
TWST,2022,24,1.3411
TWST,2023,22,1.2761
TXG,2019,21,1.3053
TXG,2020,25,1.276
TXG,2021,72,1.2943
TXG,2022,65,1.2475
TXG,2023,37,1.4473
TXG,2024,36,1.4018
TXG,2025,45,1.3632
TXN,2009,28,1.0309
TXN,2010,236,1.0578
TXN,2011,320,1.067
TXN,2012,321,1.0438
TXN,2013,323,1.0783
TXN,2014,195,1.0824
TXN,2015,26,1.0498
TXN,2016,226,1.0924
TXN,2017,224,1.0621
TXN,2018,245,1.1022
TXN,2019,186,1.0713
TXN,2020,237,1.0865
TXN,2021,279,1.0606
TXN,2022,198,1.0524
TXN,2023,171,1.0862
TXN,2024,191,1.0575
TXN,2025,195,1.0288
TYL,2016,31,0.9402
TYL,2017,22,0.8732
TYL,2018,30,0.8321
TYL,2019,28,0.8353
TYL,2020,49,0.8402
TYL,2021,59,0.7842
TYL,2022,53,0.743
TYL,2023,41,0.8424
TYL,2024,59,0.8094
TYL,2025,61,0.7907
UAA,2018,20,0.9827
UAA,2020,20,0.8724
UAA,2021,27,0.9347
UAL,2010,42,1.1396
UAL,2011,35,1.0202
UAL,2012,26,1.0662
UAL,2013,49,0.9959
UAL,2014,29,1.0062
UAL,2016,30,1.0861
UAL,2017,32,1.1162
UAL,2018,27,1.1689
UAL,2019,22,1.0448
UAL,2020,22,0.9559
UBER,2014,66,1.4239
UBER,2015,107,1.1379
UBER,2016,571,1.2248
UBER,2017,804,1.2411
UBER,2018,1131,1.2436
UBER,2019,1288,1.2434
UBER,2020,1004,1.3124
UBER,2021,1116,1.2664
UBER,2022,1222,1.352
UBER,2023,770,1.2892
UBER,2024,897,1.3505
UBER,2025,756,1.3435
UBS,2009,26,1.408
UBS,2010,132,1.098
UBS,2011,109,1.0348
UBS,2012,86,1.1216
UBS,2013,63,1.1007
UBS,2014,46,1.1326
UBS,2016,42,0.9846
UBS,2017,29,1.0572
UBS,2018,27,1.063
UIS,2010,28,1.2321
UIS,2012,54,0.9229
UIS,2013,26,0.8942
UIS,2018,24,1.0408
UIS,2020,29,1.1184
UIS,2021,28,1.1518
UIS,2022,22,1.0604
UIS,2023,27,1.1482
UIS,2024,54,1.0002
UIS,2025,38,0.9602
UNM,2019,25,1.0186
UNM,2021,24,0.9609
UNM,2022,34,0.9769
UNM,2023,23,0.9927
UNM,2025,28,0.9661
UPWK,2018,26,1.3737
UPWK,2019,26,1.2307
UPWK,2020,27,1.0466
UPWK,2021,49,1.0764
UPWK,2022,34,1.3967
UPWK,2023,27,1.3959
UPWK,2024,21,1.4058
UPWK,2025,20,1.5403
URBN,2010,27,1.1874
URBN,2011,21,0.9532
URBN,2013,25,1.1844
URBN,2014,23,1.2583
URBN,2016,20,1.023
URBN,2017,22,0.9764
URBN,2018,20,1.0424
URBN,2020,24,1.1247
URBN,2021,31,1.1511
URBN,2022,27,1.1449
URBN,2023,23,1.0745
URBN,2025,28,1.0993
VC,2017,32,1.0492
VC,2018,28,0.9597
VC,2019,39,0.8451
VC,2020,46,0.9463
VC,2021,27,0.9809
VC,2022,38,0.9988
VEEV,2016,22,1.1903
VEEV,2017,22,1.1459
VEEV,2018,33,1.1424
VEEV,2019,32,1.2147
VEEV,2020,72,1.2116
VEEV,2021,75,1.156
VEEV,2022,74,1.3174
VEEV,2023,48,1.2371
VEEV,2024,68,1.0493
VEEV,2025,96,1.0364
VERX,2024,28,1.1033
VERX,2025,20,1.0266
VIA,2018,20,1.3725
VIA,2023,20,0.8927
VIAV,2016,21,1.022
VIAV,2022,28,0.9397
VIAV,2023,20,0.823
VIAV,2024,25,0.8441
VIR,2021,20,1.5464
VNTXF,2025,27,1.197
VREX,2017,20,1.0653
VRT,2014,23,0.7651
VRT,2016,35,0.7936
VRT,2017,55,0.8425
VRT,2018,71,0.9798
VRT,2019,28,0.8795
VRT,2020,41,0.8249
VSAT,2016,28,1.0934
VSAT,2017,39,1.0935
VSAT,2018,66,1.0901
VSAT,2019,64,1.0822
VSAT,2020,50,1.0445
VSAT,2021,93,1.195
VSAT,2022,96,1.154
VSAT,2023,40,1.2098
VSAT,2024,40,1.2114
VSAT,2025,38,1.2034
VYX,2024,85,0.9162
VYX,2025,58,0.8969
W,2012,22,0.872
W,2014,48,0.8472
W,2016,103,0.8321
W,2017,201,0.7653
W,2018,370,0.857
W,2019,392,1.043
W,2020,410,1.0584
W,2021,774,1.1457
W,2022,594,1.3127
W,2023,278,1.2841
W,2024,218,1.2541
W,2025,183,1.1198
WDAY,2013,37,1.3984
WDAY,2014,46,1.392
WDAY,2016,113,1.3598
WDAY,2017,121,1.1476
WDAY,2018,156,1.1321
WDAY,2019,182,1.2547
WDAY,2020,307,1.149
WDAY,2021,458,1.1513
WDAY,2022,466,1.123
WDAY,2023,260,1.1474
WDAY,2024,422,1.0873
WDAY,2025,286,1.1238
WERN,2021,20,0.8038
WEX,2019,21,0.9208
WEX,2020,21,0.8617
WEX,2021,28,0.8712
WEX,2022,25,0.8741
WEX,2025,24,1.1098
WFRD,2010,42,1.2784
WFRD,2011,55,0.8867
WFRD,2012,82,0.9888
WFRD,2013,75,1.0794
WFRD,2014,72,1.0982
WFRD,2016,49,1.138
WFRD,2017,34,1.2507
WFRD,2018,44,1.1611
WFRD,2019,35,1.2566
WFRD,2022,20,1.0409
WIT,2009,82,0.9134
WIT,2010,3504,1.0445
WIT,2011,3301,1.0565
WIT,2012,6798,0.9589
WIT,2013,6621,0.9663
WIT,2014,7544,0.9741
WIT,2015,2608,0.8918
WIT,2016,8680,0.9376
WIT,2017,5918,0.9138
WIT,2018,5661,0.8938
WIT,2019,4039,0.904
WIT,2020,2663,0.8518
WIT,2021,4032,0.8497
WIT,2022,2565,0.8004
WIT,2023,2975,0.8219
WIT,2024,2227,0.8558
WIT,2025,2417,0.8727
WKC,2024,24,0.8427
WLTH,2019,26,1.4799
WLTH,2020,40,1.461
WLTH,2021,32,1.3746
WLY,2019,46,1.227
WLY,2020,21,1.2275
WLY,2021,40,1.1945
WLY,2022,40,1.1582
WLY,2025,23,1.1497
WOLF,2023,32,0.9668
WOLF,2024,41,0.9145
WOLF,2025,27,0.8393
WRD,2020,30,1.3907
WRD,2021,31,1.3905
WRD,2022,24,1.3397
WRD,2023,32,1.362
WRD,2024,28,1.2297
WRD,2025,40,1.1096
WSM,2010,23,1.16
WSM,2011,35,1.1989
WSM,2012,28,1.4641
WSM,2013,30,1.2874
WSM,2014,30,1.1511
WSM,2016,35,1.1942
WSM,2017,42,1.0692
WSM,2018,72,1.138
WSM,2019,75,1.0958
WSM,2020,47,1.0473
WSM,2021,65,0.9724
WSM,2022,55,1.0156
WSM,2023,23,1.1171
WSM,2024,34,0.9888
WSM,2025,37,1.0197
WST,2020,23,0.9444
WST,2022,33,0.9285
WST,2023,20,0.9521
WST,2024,21,0.985
WTFC,2022,28,1.0053
WTFC,2025,27,0.9776
WTW,2019,43,1.0415
WTW,2020,53,0.98
WTW,2021,53,0.9688
WTW,2022,78,0.9436
WTW,2023,71,0.9102
WTW,2024,26,1.0175
WTW,2025,52,1.0957
WU,2010,37,1.226
WU,2012,34,1.319
WU,2013,32,1.1504
WU,2014,23,1.2436
WU,2016,44,1.2855
WU,2017,70,1.1583
WU,2018,129,1.1253
WU,2019,95,1.126
WU,2020,208,1.0719
WU,2021,73,1.0881
WU,2022,110,1.0548
WU,2023,102,1.105
WU,2024,79,1.0962
WU,2025,118,0.9854
WVE,2020,27,1.2873
WW,2020,30,1.2675
WW,2021,31,1.0167
WW,2022,39,1.1512
WW,2023,35,1.1527
WW,2024,28,1.1298
XRAY,2025,25,0.7739
XRX,2010,22,1.2277
XRX,2013,31,1.1607
XRX,2014,26,0.8898
XRX,2016,40,0.8995
XRX,2020,33,1.2537
XYZ,2022,418,1.4001
XYZ,2023,257,1.4752
XYZ,2024,282,1.4702
XYZ,2025,224,1.5325
YELP,2013,33,1.2644
YELP,2014,64,1.2228
YELP,2016,142,1.2324
YELP,2017,92,1.3605
YELP,2018,120,1.2903
YELP,2019,118,1.3323
YELP,2020,91,1.081
YELP,2021,109,1.1564
YELP,2022,98,1.2461
YELP,2023,67,1.3331
YELP,2024,50,1.4342
YELP,2025,49,1.5763
YEXT,2019,24,1.2798
YEXT,2020,31,1.0672
YEXT,2021,26,1.1257
ZBRA,2016,69,1.0489
ZBRA,2017,56,0.9197
ZBRA,2018,61,0.8918
ZBRA,2019,61,0.8456
ZBRA,2020,54,0.7988
ZBRA,2021,113,0.8333
ZBRA,2022,154,0.9935
ZBRA,2023,55,1.0214
ZBRA,2024,75,1.0964
ZBRA,2025,89,0.9692
ZD,2022,21,1.1089
ZETA,2024,22,1.1479
ZETA,2025,21,1.1826
ZG,2014,28,1.2541
ZG,2015,39,1.2012
ZG,2016,101,1.1119
ZG,2017,139,1.1028
ZG,2018,241,1.1081
ZG,2019,262,1.1208
ZG,2020,340,1.1832
ZG,2021,436,1.1606
ZG,2022,323,1.2253
ZG,2023,182,1.3496
ZG,2024,161,1.2507
ZG,2025,150,1.1913
ZIP,2022,24,1.1112
ZIP,2024,23,1.1719
ZIP,2025,34,1.0732
ZM,2025,224,1.1688
ZS,2017,32,1.2281
ZS,2018,40,1.2725
ZS,2019,40,1.1817
ZS,2020,78,1.2957
ZS,2021,127,1.238
ZS,2022,174,1.3131
ZS,2023,124,1.4031
ZS,2024,213,1.4475
ZS,2025,147,1.3358
ZTS,2017,22,1.13
ZTS,2018,34,1.2093
ZTS,2019,57,1.0564
ZTS,2020,68,0.9942
ZTS,2021,59,1.0725
ZTS,2022,141,1.0258
ZTS,2023,87,1.0276
ZTS,2024,86,0.9958
ZTS,2025,128,1.0616
