company_id,year,hires,wage_ratio
adobe,2010,103,1.2651
adobe,2011,133,1.2338
adobe,2012,176,1.3221
adobe,2013,150,1.2715
adobe,2014,132,1.3583
adobe,2015,27,1.1808
adobe,2016,294,1.3682
adobe,2017,378,1.1931
adobe,2018,500,1.1809
adobe,2019,580,1.2005
adobe,2020,781,1.1609
adobe,2021,1017,1.1665
adobe,2022,932,1.1438
adobe,2023,770,1.3211
adobe,2024,1257,1.3631
adobe,2025,1112,1.299
airbnb,2013,21,1.347
airbnb,2014,35,1.4935
airbnb,2015,17,1.5429
airbnb,2016,161,1.6028
airbnb,2017,265,1.5681
airbnb,2018,330,1.5798
airbnb,2019,378,1.6458
airbnb,2020,339,1.5596
airbnb,2021,353,1.6021
airbnb,2022,275,1.5082
airbnb,2023,170,1.3478
airbnb,2024,180,1.299
airbnb,2025,213,1.299
alphabet,2009,136,1.2526
alphabet,2010,953,1.273
alphabet,2011,1325,1.4701
alphabet,2012,1649,1.4305
alphabet,2013,2101,1.4037
alphabet,2014,2736,1.3975
alphabet,2015,600,1.3077
alphabet,2016,4845,1.4204
alphabet,2017,4949,1.3816
alphabet,2018,7220,1.377
alphabet,2019,10684,1.3717
alphabet,2020,11227,1.3433
alphabet,2021,15885,1.3334
alphabet,2022,13664,1.3386
alphabet,2023,9534,1.3347
alphabet,2024,9357,1.3298
alphabet,2025,8422,1.3097
amazon,2009,88,1.139
amazon,2010,723,1.1038
amazon,2011,765,1.1231
amazon,2012,1126,1.1833
amazon,2013,1682,1.1653
amazon,2014,1715,1.1949
amazon,2015,669,1.1194
amazon,2016,3669,1.2707
amazon,2017,5687,1.2093
amazon,2018,8184,1.2181
amazon,2019,10544,1.2039
amazon,2020,19652,1.1454
amazon,2021,18996,1.0215
amazon,2022,28271,1.1167
amazon,2023,19307,1.1158
amazon,2024,22070,1.1377
amazon,2025,21560,1.0973
amd,2009,30,0.9885
amd,2010,186,0.971
amd,2011,215,1.026
amd,2012,239,1.0347
amd,2013,299,1.0055
amd,2014,188,1.0014
amd,2015,15,0.9426
amd,2016,247,1.0296
amd,2017,312,1.0319
amd,2018,321,1.0201
amd,2019,476,1.0386
amd,2020,690,1.0771
amd,2021,751,1.1308
amd,2022,752,1.0891
amd,2023,569,1.0759
amd,2024,828,1.1125
amd,2025,806,1.0652
apple,2009,56,1.3903
apple,2010,562,1.3769
apple,2011,812,1.3757
apple,2012,904,1.3274
apple,2013,1068,1.378
apple,2014,1188,1.3206
apple,2015,431,1.2094
apple,2016,1503,1.4102
apple,2017,1890,1.3733
apple,2018,1816,1.3099
apple,2019,1953,1.3672
apple,2020,4868,1.3808
apple,2021,6205,1.3715
apple,2022,6199,1.3863
apple,2023,3541,1.3312
apple,2024,4575,1.2771
apple,2025,7157,1.2518
applied_materials,2010,107,1.1296
applied_materials,2011,132,1.1815
applied_materials,2012,51,1.149
applied_materials,2013,119,1.1905
applied_materials,2014,99,1.1732
applied_materials,2016,162,1.2452
applied_materials,2017,302,1.1373
applied_materials,2018,326,1.1225
applied_materials,2019,412,1.1783
applied_materials,2020,534,1.2145
applied_materials,2021,572,1.2104
applied_materials,2022,469,1.2121
applied_materials,2023,344,1.2261
applied_materials,2024,521,1.2101
applied_materials,2025,376,1.1988
atlassian,2016,37,1.2079
atlassian,2017,78,1.322
atlassian,2018,99,1.2856
atlassian,2019,156,1.2612
atlassian,2020,224,1.1919
atlassian,2021,255,1.1488
atlassian,2022,370,1.1766
atlassian,2023,162,1.3289
atlassian,2024,215,1.271
atlassian,2025,368,1.3161
block,2016,48,0.7857
block,2020,17,1.0206
block,2021,15,0.9167
block,2023,30,1.0309
block,2024,19,0.8108
block,2025,24,1.2153
broadcom,2009,91,1.2337
broadcom,2010,437,1.2298
broadcom,2011,388,1.2596
broadcom,2012,434,1.321
broadcom,2013,509,1.2565
broadcom,2014,299,1.2375
broadcom,2015,192,1.128
broadcom,2016,299,1.3055
broadcom,2017,106,1.1761
broadcom,2018,151,1.1646
broadcom,2019,122,1.2946
broadcom,2020,108,1.1962
broadcom,2021,154,1.2152
broadcom,2022,127,1.1951
broadcom,2023,93,1.2413
broadcom,2024,61,1.2424
broadcom,2025,92,1.1992
cisco,2009,93,1.1682
cisco,2010,433,1.1977
cisco,2011,376,1.2029
cisco,2012,445,1.1879
cisco,2013,551,1.1818
cisco,2014,341,1.1884
cisco,2015,138,1.1817
cisco,2016,717,1.2454
cisco,2017,642,1.2384
cisco,2018,781,1.2041
cisco,2019,835,1.1743
cisco,2020,1800,1.1146
cisco,2021,2788,1.1706
cisco,2022,2399,1.015
cisco,2023,1023,1.0986
cisco,2024,1332,1.079
cisco,2025,1107,1.1005
cloudflare,2014,16,1.2425
cloudflare,2015,18,1.2646
cloudflare,2016,19,1.2827
cloudflare,2017,43,1.3159
cloudflare,2018,43,1.3007
cloudflare,2019,57,1.21
cloudflare,2020,102,1.1134
cloudflare,2021,113,1.1924
cloudflare,2022,126,1.2002
cloudflare,2023,87,1.2166
cloudflare,2024,132,1.1806
cloudflare,2025,114,1.1207
coinbase,2017,17,1.3064
coinbase,2018,49,1.3308
coinbase,2019,41,1.6137
coinbase,2020,128,1.5559
coinbase,2021,324,1.4573
coinbase,2022,270,1.4338
coinbase,2023,99,1.4784
coinbase,2024,118,1.4941
coinbase,2025,181,1.3511
crowdstrike,2019,17,1.4387
crowdstrike,2020,49,1.4953
crowdstrike,2021,100,1.3874
crowdstrike,2022,138,1.4678
crowdstrike,2023,82,1.4669
crowdstrike,2024,85,1.3974
crowdstrike,2025,118,1.3475
datadog,2016,27,1.1746
datadog,2017,19,1.3374
datadog,2018,20,1.1001
datadog,2019,25,1.2037
datadog,2020,48,1.1964
datadog,2021,46,1.2837
datadog,2022,86,1.4885
datadog,2023,41,1.4217
datadog,2024,74,1.4492
datadog,2025,121,1.401
dell,2009,18,0.9889
dell,2010,108,1.0457
dell,2011,148,1.2189
dell,2012,126,1.2828
dell,2013,166,1.2383
dell,2014,182,1.182
dell,2015,24,1.1264
dell,2016,255,1.1455
dell,2017,248,1.1144
dell,2018,275,1.1279
dell,2019,267,1.1005
dell,2020,347,1.0734
dell,2021,265,1.1213
dell,2022,255,1.2204
dell,2023,176,1.2538
dell,2024,197,1.2358
dell,2025,181,1.3123
doordash,2016,18,1.3968
doordash,2017,27,1.3198
doordash,2018,49,1.5339
doordash,2019,116,1.608
doordash,2020,290,1.6084
doordash,2021,721,1.5273
doordash,2022,684,1.4989
doordash,2023,436,1.4074
doordash,2024,547,1.2823
doordash,2025,514,1.268
ebay,2009,53,1.3418
ebay,2010,253,1.32
ebay,2011,489,1.3084
ebay,2012,392,1.3211
ebay,2013,592,1.3282
ebay,2014,552,1.3665
ebay,2015,215,1.3336
ebay,2016,788,1.4563
ebay,2017,730,1.4734
ebay,2018,936,1.4285
ebay,2019,707,1.4001
ebay,2020,1377,1.348
ebay,2021,975,1.3227
ebay,2022,1012,1.2664
ebay,2023,979,1.3366
ebay,2024,622,1.2636
ebay,2025,613,1.2915
hp,2009,160,1.1728
hp,2010,736,1.1615
hp,2011,862,1.119
hp,2012,785,1.1264
hp,2013,671,1.0977
hp,2014,395,1.1713
hp,2015,155,1.1555
hp,2016,544,1.1911
hp,2017,318,1.1608
hp,2018,344,1.1735
hp,2019,422,1.1143
hp,2020,745,1.194
hp,2021,995,1.2194
hp,2022,752,1.1668
hp,2023,800,1.2019
hp,2024,792,1.1518
hp,2025,685,1.0707
ibm,2019,703,1.0835
ibm,2020,3426,1.0141
ibm,2021,2798,0.988
ibm,2022,1754,0.9572
ibm,2023,353,0.9566
ibm,2024,108,0.9046
intel,2009,134,1.1089
intel,2010,1289,0.9553
intel,2011,1889,0.981
intel,2012,1401,0.9783
intel,2013,1867,0.9667
intel,2014,2037,0.9689
intel,2015,357,0.8968
intel,2016,1594,0.9708
intel,2017,1392,0.9535
intel,2018,1280,0.9473
intel,2019,1486,0.9358
intel,2020,2228,0.8964
intel,2021,5422,0.8832
intel,2022,5714,0.883
intel,2023,3275,0.912
intel,2024,3542,0.9296
intel,2025,2623,0.9361
intuit,2009,31,1.2701
intuit,2010,106,1.2953
intuit,2011,125,1.2865
intuit,2012,139,1.2732
intuit,2013,235,1.2939
intuit,2014,162,1.293
intuit,2015,63,1.1709
intuit,2016,354,1.2748
intuit,2017,375,1.2483
intuit,2018,431,1.2211
intuit,2019,568,1.1927
intuit,2020,906,1.1732
intuit,2021,1084,1.1146
intuit,2022,930,1.1267
intuit,2023,516,1.1467
intuit,2024,634,1.2018
intuit,2025,650,1.2665
lyft,2016,79,1.5752
lyft,2017,148,1.5749
lyft,2018,292,1.5593
lyft,2019,429,1.5242
lyft,2020,406,1.4782
lyft,2021,342,1.4285
lyft,2022,360,1.4055
lyft,2023,79,1.1381
lyft,2024,119,1.0712
lyft,2025,125,1.0574
meta,2009,20,1.3099
meta,2010,125,1.3145
meta,2011,248,1.3198
meta,2012,384,1.3489
meta,2013,611,1.3719
meta,2014,666,1.4955
meta,2015,197,1.4129
meta,2016,1275,1.5785
meta,2017,1936,1.5715
meta,2018,2994,1.5208
meta,2019,3577,1.5413
meta,2020,6502,1.4868
meta,2021,9144,1.4619
meta,2022,6825,1.4465
meta,2023,4044,1.4965
meta,2024,6734,1.4867
meta,2025,5829,1.4154
micron,2009,37,1.0084
micron,2010,240,1.0134
micron,2011,416,1.0324
micron,2012,304,1.0456
micron,2013,216,0.973
micron,2014,217,1.0667
micron,2015,45,1.02
micron,2016,370,1.0557
micron,2017,364,1.0462
micron,2018,424,1.0608
micron,2019,518,1.1068
micron,2020,711,1.068
micron,2021,968,1.0071
micron,2022,673,1.0414
micron,2023,328,1.03
micron,2024,519,1.072
micron,2025,586,1.0684
microsoft,2009,1806,1.0498
microsoft,2010,3415,1.0481
microsoft,2011,4270,1.1235
microsoft,2012,3853,1.1951
microsoft,2013,3602,1.2231
microsoft,2014,3081,1.2531
microsoft,2015,1319,1.2996
microsoft,2016,5216,1.4023
microsoft,2017,4885,1.3716
microsoft,2018,6178,1.3709
microsoft,2019,6133,1.3229
microsoft,2020,8886,1.247
microsoft,2021,10845,1.2629
microsoft,2022,12977,1.2588
microsoft,2023,7605,1.3104
microsoft,2024,10482,1.2573
microsoft,2025,8130,1.2688
mongodb,2016,16,1.2798
mongodb,2017,17,1.3494
mongodb,2018,23,1.2902
mongodb,2019,45,1.1707
mongodb,2020,47,1.1455
mongodb,2021,91,1.2784
mongodb,2022,124,1.3847
mongodb,2023,131,1.3032
mongodb,2024,153,1.2703
mongodb,2025,160,1.3249
netflix,2010,15,1.6819
netflix,2011,36,1.7287
netflix,2012,37,1.4424
netflix,2013,89,1.7046
netflix,2014,74,2.3854
netflix,2015,45,1.5379
netflix,2016,160,1.6787
netflix,2017,147,1.5592
netflix,2018,267,1.4348
netflix,2019,250,2.0056
netflix,2020,375,3.4302
netflix,2021,429,1.4794
netflix,2022,329,1.4192
netflix,2023,242,1.6653
netflix,2024,341,1.6964
netflix,2025,340,1.6024
nvidia,2009,17,1.1902
nvidia,2010,113,1.2222
nvidia,2011,224,1.2131
nvidia,2012,147,1.1325
nvidia,2013,231,1.109
nvidia,2014,128,1.161
nvidia,2015,49,1.1407
nvidia,2016,289,1.2893
nvidia,2017,299,1.2498
nvidia,2018,477,1.2447
nvidia,2019,338,1.2009
nvidia,2020,693,1.2335
nvidia,2021,951,1.2206
nvidia,2022,1104,1.2005
nvidia,2023,1038,1.258
nvidia,2024,1455,1.2663
nvidia,2025,1966,1.2519
okta,2013,15,1.1335
okta,2014,22,1.0925
okta,2016,49,1.284
okta,2017,71,1.4171
okta,2018,84,1.4143
okta,2019,119,1.2649
okta,2020,164,1.2401
okta,2021,211,1.1439
okta,2022,193,1.1285
okta,2023,106,1.1353
okta,2024,140,1.1288
okta,2025,112,1.1231
oracle,2009,202,1.0827
oracle,2010,1633,0.9909
oracle,2011,1707,1.0401
oracle,2012,2062,1.1456
oracle,2013,1908,1.0973
oracle,2014,1026,1.1495
oracle,2015,169,1.1364
oracle,2016,976,1.1732
oracle,2017,955,1.1557
oracle,2018,969,1.0977
oracle,2019,1151,1.0879
oracle,2020,1304,1.0254
oracle,2021,1545,0.989
oracle,2022,1369,0.9703
oracle,2023,1007,1.033
oracle,2024,1076,1.0337
oracle,2025,1143,1.0226
palantir,2012,19,1.1106
palantir,2013,42,1.255
palantir,2014,59,1.2128
palantir,2016,116,1.2638
palantir,2017,73,1.3873
palantir,2018,49,1.3657
palantir,2019,50,1.4312
palantir,2020,94,1.3473
palantir,2021,78,1.3236
palantir,2022,81,1.3193
palantir,2023,72,1.2768
palantir,2024,97,1.1997
palantir,2025,115,1.1468
paypal,2009,53,1.3005
paypal,2010,266,1.3206
paypal,2011,340,1.306
paypal,2012,387,1.3307
paypal,2013,376,1.3173
paypal,2014,488,1.3906
paypal,2015,180,1.2931
paypal,2016,681,1.4822
paypal,2017,635,1.4101
paypal,2018,1147,1.3269
paypal,2019,935,1.3279
paypal,2020,1757,1.2375
paypal,2021,1511,1.2139
paypal,2022,1225,1.1889
paypal,2023,879,1.1875
paypal,2024,1017,1.1739
paypal,2025,1127,1.2075
pinterest,2013,17,1.3181
pinterest,2014,22,1.0082
pinterest,2015,21,1.1565
pinterest,2016,138,1.2145
pinterest,2017,100,1.2154
pinterest,2018,237,1.1902
pinterest,2019,165,1.2584
pinterest,2020,255,1.2205
pinterest,2021,254,1.1682
pinterest,2022,333,1.2338
pinterest,2023,239,1.1983
pinterest,2024,334,1.1329
pinterest,2025,362,1.1638
qualcomm,2009,281,0.9803
qualcomm,2010,1076,1.0046
qualcomm,2011,1550,0.9629
qualcomm,2012,2835,0.9485
qualcomm,2013,2825,0.9581
qualcomm,2014,1429,1.009
qualcomm,2015,318,0.9983
qualcomm,2016,902,1.0543
qualcomm,2017,878,1.062
qualcomm,2018,661,1.065
qualcomm,2019,697,1.0612
qualcomm,2020,2991,0.9787
qualcomm,2021,3344,0.9928
qualcomm,2022,4230,0.9571
qualcomm,2023,3194,0.9991
qualcomm,2024,2342,0.9769
qualcomm,2025,2174,0.9797
roblox,2016,15,1.4769
roblox,2017,32,1.3524
roblox,2018,43,1.5128
roblox,2019,69,1.5833
roblox,2020,127,1.7107
roblox,2021,114,1.849
roblox,2022,188,1.8615
roblox,2023,133,1.965
roblox,2024,143,1.8134
roblox,2025,237,1.8131
roku,2016,19,1.9277
roku,2017,47,1.8725
roku,2018,61,1.7104
roku,2019,70,1.6162
roku,2020,173,1.4507
roku,2021,285,1.5179
roku,2022,214,1.5189
roku,2023,106,1.5724
roku,2024,171,1.6313
roku,2025,82,1.5321
salesforce,2009,39,1.2552
salesforce,2010,150,1.2904
salesforce,2011,220,1.3216
salesforce,2012,304,1.3362
salesforce,2013,357,1.3505
salesforce,2014,407,1.3409
salesforce,2015,198,1.1472
salesforce,2016,831,1.2642
salesforce,2017,1040,1.2279
salesforce,2018,1433,1.1995
salesforce,2019,1783,1.1321
salesforce,2020,2376,1.0791
salesforce,2021,3078,1.2016
salesforce,2022,2777,1.4025
salesforce,2023,2063,1.3859
salesforce,2024,2180,1.419
salesforce,2025,1820,1.4453
servicenow,2013,47,1.1276
servicenow,2014,77,1.0913
servicenow,2015,27,1.0814
servicenow,2016,153,1.1912
servicenow,2017,199,1.1366
servicenow,2018,259,1.1372
servicenow,2019,371,1.1256
servicenow,2020,504,1.0862
servicenow,2021,762,1.0694
servicenow,2022,969,1.0872
servicenow,2023,803,1.0816
servicenow,2024,975,1.0705
servicenow,2025,816,1.0851
shopify,2020,33,1.05
shopify,2021,69,0.9429
shopify,2022,72,0.9729
shopify,2024,60,1.0037
shopify,2025,58,1.2109
snap,2014,17,1.1473
snap,2016,147,1.1135
snap,2017,175,1.0628
snap,2018,212,1.095
snap,2019,250,1.2071
snap,2020,403,1.1057
snap,2021,561,1.0622
snap,2022,495,1.0631
snap,2023,359,1.1975
snap,2024,382,1.1701
snap,2025,385,1.2079
snowflake,2018,27,1.2609
snowflake,2019,68,1.164
snowflake,2020,216,1.1936
snowflake,2021,162,1.4205
snowflake,2022,336,1.4541
snowflake,2023,148,1.3565
snowflake,2024,366,1.3229
snowflake,2025,425,1.2547
tesla,2010,49,1.2465
tesla,2011,97,1.2444
tesla,2012,128,1.2716
tesla,2013,93,1.1133
tesla,2014,199,1.1125
tesla,2015,28,1.1246
tesla,2016,586,1.2226
tesla,2017,1058,1.2149
tesla,2018,1105,1.2161
tesla,2019,900,1.2159
tesla,2020,1186,1.243
tesla,2021,1450,1.1921
tesla,2022,1492,1.1938
tesla,2023,1329,1.2241
tesla,2024,2473,1.2418
tesla,2025,2708,1.2417
texas_instruments,2009,28,1.0309
texas_instruments,2010,243,1.0575
texas_instruments,2011,322,1.0668
texas_instruments,2012,321,1.0438
texas_instruments,2013,323,1.0783
texas_instruments,2014,195,1.0824
texas_instruments,2015,26,1.0498
texas_instruments,2016,226,1.0924
texas_instruments,2017,224,1.0621
texas_instruments,2018,245,1.1022
texas_instruments,2019,187,1.0717
texas_instruments,2020,237,1.0865
texas_instruments,2021,279,1.0606
texas_instruments,2022,198,1.0524
texas_instruments,2023,171,1.0862
texas_instruments,2024,191,1.0575
texas_instruments,2025,195,1.0288
twilio,2014,23,1.3801
twilio,2016,55,1.3256
twilio,2017,75,1.4029
twilio,2018,79,1.466
twilio,2019,176,1.4243
twilio,2020,272,1.3674
twilio,2021,382,1.3569
twilio,2022,373,1.3787
twilio,2023,214,1.3729
twilio,2024,178,1.3778
twilio,2025,177,1.3254
uber,2013,17,1.2366
uber,2014,66,1.4239
uber,2015,107,1.1379
uber,2016,571,1.2248
uber,2017,804,1.2411
uber,2018,1131,1.2436
uber,2019,1288,1.2434
uber,2020,1004,1.3124
uber,2021,1116,1.2664
uber,2022,1222,1.352
uber,2023,770,1.2892
uber,2024,897,1.3505
uber,2025,756,1.3435
unity,2016,16,1.2267
unity,2017,30,1.2706
unity,2018,29,1.151
unity,2019,63,1.0959
unity,2020,99,1.0179
unity,2021,83,1.0528
unity,2022,76,1.02
unity,2023,43,1.1934
unity,2024,62,1.1107
unity,2025,55,1.3263
vmware,2009,21,1.3738
vmware,2010,232,1.2394
vmware,2011,299,1.2744
vmware,2012,386,1.2799
vmware,2013,393,1.3407
vmware,2014,453,1.3402
vmware,2015,43,1.3662
vmware,2016,643,1.3942
vmware,2017,858,1.3191
vmware,2018,1023,1.2962
vmware,2019,1102,1.3625
vmware,2020,1362,1.3639
vmware,2021,1911,1.2888
vmware,2022,1140,1.3571
vmware,2023,789,1.403
vmware,2024,253,1.3523
vmware,2025,119,1.3011
workday,2013,37,1.3984
workday,2014,46,1.392
workday,2015,17,1.3857
workday,2016,113,1.3598
workday,2017,121,1.1476
workday,2018,156,1.1321
workday,2019,182,1.2547
workday,2020,307,1.149
workday,2021,458,1.1513
workday,2022,466,1.123
workday,2023,260,1.1474
workday,2024,422,1.0873
workday,2025,286,1.1238
zscaler,2013,19,1.0922
zscaler,2017,32,1.2281
zscaler,2018,40,1.2725
zscaler,2019,40,1.1817
zscaler,2020,78,1.2957
zscaler,2021,127,1.238
zscaler,2022,174,1.3131
zscaler,2023,124,1.4031
zscaler,2024,213,1.4475
zscaler,2025,147,1.3358
